Document Count,Query,Query Duration Micros
0,﻿The Project Gutenberg eBook of My Life — Volume 1,82
500,most favourably impressed,26
1000,my wife that we,160
1500,"down, until at last I got",250
2000,And the servants gave her some of,57
2500,—Very good.,695
3000,poor fellow. So it is. What time?,139
3500,"without aim, by devious paths, staying",18
4000,"said, skipping to get into step. Crawford will follow.",19
4500,emerald set in the ring of,12
5000,breviary. _Sin: Principes persecuti,12
5500,Peep! Who’s in the... peepofgold?,12
6000,—What key? Six sharps?,9
6500,the modern,76
7000,BLOOM: Yes. For my wife. Mrs Marion. Special recipe.,20
7500,her. Nebulous obscurity occupies space. Through,13
8000,his arms.)_ It was,163
8500,"now, he ventured to say of the coffee",35
9000,awaited with patience the,28
9500,that which is most sound and perfect. For such a,114
10000,a town on the Danube in,15
10500,"she whispered, “that place we came through--that white place--what was",24
11000,Matthew is such a,236
11500,had,4110
12000,"dressing, and her advice on such subjects was much sought",55
12500,"for your own end, Menelaus, you shall not die",76
13000,in,10329
13500,"do, for you have plenty of ships, and the island",99
14000,Romeo.,135
14500,"Till then, adieu; and keep this",23
15000,"""O Centre!",49
15500,to assign the square roots of,19
16000,striking,72
16500,"Vol. II, page 58, note",33
17000,ONE: 1805,13
17500,ever reminded you of my father’s friendship,82
18000,face became sad.,187
18500,were,4013
19000,a fight.,171
19500,been repulsed for the last time. And,25
20000,so you still,1466
20500,“Nice! And,319
21000,make her or me less a prey to,61
21500,"his affairs, took advantage of the armistice to get leave",29
22000,to the,25310
22500,under his,1489
23000,pervaded,19
23500,"“Home!” said Pierre,",1091
24000,"did not say it, and only blushed till the tears",85
24500,At length,249
25000,he. “What brings you here? This,80
25500,a single,254
26000,together. The,825
26500,they reached a gravel path behind the house the Frenchman,27
27000,he looked at her and listened to the light click,29
27500,angrily. “Why didn’t,165
28000,what do you think? They make soldiers,737
28500,and imagined that he could not bear,162
29000,"to experience, but in fact such",305
29500,"undergone, with the discomposure of brain which it produced, I",32
30000,no pretension.” She,18
30500,their Maizie is no more,35
31000,like Dubois humanity might,50
31500,"know, Marie, that's",81
32000,"with his hands, and so remained kneeling, till",46
32500,"without speaking, was slowly rubbing the",57
33000,"and rising higher and higher,",202
33500,90.,90
34000,sight of Stubb’s,54
34500,immediate access,221
35000,"virtue of the others,",404
35500,thief it looketh upon all that is lustrous; with the,28
36000,"and danger, and play",334
36500,"resemble, whom bad torture wearieth, and a worse dream reawakeneth",23
37000,still to be a,3851
37500,down-going; as yet do I not,34
38000,"Every word, also, is not suited for every mouth. These",86
38500,Par. 9.,69
39000,a man with such a head of hair,949
39500,"and say, ‘There, but for the grace of God, goes",181
40000,“Not particularly.”,563
40500,and I fell,1029
41000,"“And yet,” said I, smiling, “I cannot quite hold myself",488
41500,114,30
42000,"still. O, my knave",46
42500,my purse. I,152
43000,know you could not lack—I am,20
43500,Enter,547
44000,let me rail so high That the false huswife,20
44500,it be possible that no man saw,992
45000,not,17792
45500,Enter Dromio of,157
46000,Enter,905
46500,pray the,617
47000,An,8869
47500,honour of my,692
48000,ARVIRAGUS. The night to th’ owl and morn to th’,37
48500,by our,4901
49000,[_Exit Queen._],382
49500,Enter a Messenger.,314
50000,"He does, he does, we’ll be",1386
50500,"you, hear me.",1575
51000,"Snare, following.",39
51500,ARCHBISHOP. What well-appointed leader fronts us,21
52000,"sovereign, Shall be",197
52500,"king. The slave, a member of the country’s peace, Enjoys",38
53000,"men, and enter in the hurly-burly the Mayor of",25
53500,"Christian soul but English Talbot. Lo, there thou stand’st,",50
54000,a Servingman.,159
54500,CLERK.,84
55000,magistrate That hath authority,57
55500,Lewis so brave? Belike he thinks me Henry. But,55
56000,"confessor, who fed him every minute With words of",35
56500,"FIRST GENTLEMAN. It is, and all the rest are",1003
57000,ARTHUR. I do beseech,91
57500,art not in,1616
58000,"shall read us the will,",1146
58500,the Duke of Albany than,22
59000,"KENT. With the earl, sir,",181
59500,safer sense will ne’er accommodate His master thus.,49
60000,sir; and the best of them,1928
60500,"right Promethean fire; They are the books, the arts, the",22
61000,BEROWNE. A,337
61500,and,63061
62000,for,22044
62500,DUKE. And,1099
63000,a prince,4065
63500,SCENE V. The same. A,494
64000,Ford of this town?,27
64500,"Mistress Ford, having an honest man to your",232
65000,"Alas, what",527
65500,art thou,2172
66000,you not tell me who you are?,3634
66500,or do I,10007
67000,"on a just account, (As in these",916
67500,EMILIA. Do not you chide. I have a thing,57
68000,a deed,335
68500,my best gown to,171
69000,"governor, Who",156
69500,have they,11639
70000,at him._],20008
70500,BUCKINGHAM. With what a sharp-provided wit he reasons!,19
71000,"not on that string,",139
71500,"SERVANT. Away with the join-stools, remove the court-cupboard, look to",30
72000,"LADY CAPULET. Why, how now, Juliet?",321
72500,our good will effects,198
73000,"now,",9857
73500,"Enter Alonso, Sebastian, Antonio, Ferdinand, Gonzalo and others.",21
74000,as I. Burn but his books. He,199
74500,"Please you, my lord,",1141
75000,"fortune, trod",77
75500,Chiron and,44
76000,Why hast thou slain thine only daughter thus?,300
76500,"Dear lord, go you and greet",110
77000,ULYSSES.,942
77500,Andrew.,1347
78000,"sir, to bring a Cressida to",323
78500,"hand, And let me",4195
79000,"LANCE. No, neither.",139
79500,"OUTLAW. Come, bring her away.",72
80000,and files. Come forth and fear not; here’s no Theseus.,89
80500,"it cures her, _ipso facto_, The melancholy humour that infects",21
81000,"king of Sicilia, thou art here",44
81500,FIRST GENTLEMAN. What became of his bark and his,167
82000,her cheeks were gardens full of flowers So,100
82500,"“Anything you like,” said",1927
83000,the King.,5790
83500,"and ordered a cap this morning, to be quite",358
84000,of,64932
84500,can’ smell good. A,336
85000,scented the air.,43
85500,mighty forgetful and careless.,32
86000,"hear Joy say coolly, “April’ll be glad you’s come.",25
86500,reply of Monsieur,261
87000,"the wilderness before him, a mirage of honourable",21
87500,"Stryver, with a",111
88000,"Doctor, in",998
88500,at the grindstone; it had evidently,34
89000,"age, or rather younger,",255
89500,she’ll see that.”,269
90000,me even more deeply. I heard of the,339
90500,have a big salary and earn lots and,82
91000,I suppose your,1014
91500,into the,11687
92000,will not by any chance go to,727
92500,What on earth do you,1419
93000,right?”,3705
93500,"must touch him or kiss him no more. Oh, that",612
94000,"jumped from the cart, I could see",165
94500,"""Always.""",2550
95000,"duchess, with you to instruct me,"" said Julie, caressing the",53
95500,"for Léonie--well, if she comes here, nobody need",19
96000,"""You should have",8816
96500,"""I don't hate her. And if she knew",576
97000,boat and trailed her fingers in the,32
97500,"arms flung round her,",189
98000,my concern; I will make him,251
98500,"sitting where D’Artagnan had left him, still overwhelmed by the",142
99000,sigh and went out,337
99500,doubt of it; but it will break,956
100000,in the form,1263
100500,"“Rest assured; put the gag in, Grimaud.”",34
101000,give the fifty pistoles to the,50
101500,the executioner; “you were,129
102000,"France, my lord; I said the cardinal, and",578
102500,himself by,7530
103000,"too much against him before me, for",3808
103500,"room for him, he will rejoin your eminence.”",59
104000,"this moment,” said Mousqueton to",162
104500,go in with,9084
105000,head to foot,1089
105500,"face, and observing that",180
106000,throw the loop through this partition nor move with,50
106500,“Why?”,5065
107000,say we have,8055
107500,Several horsemen ran quickly to him.,109
108000,"understood,",677
108500,ago and Valancy had planted it joyfully.,134
109000,Roaring Abel disapproved of her going to the,38
109500,"on John Foster,” said Valancy",71
110000,"villa, Mrs. Wilkins assured him; she had never supposed",66
110500,for she could,10270
111000,"Scrap’s, who was altogether free from yearnings, but",30
111500,"well, Mellersh—the Arbuthnots. And the Carolines—”",19
112000,“it would not make them one,7997
112500,and again; coaxed and threatened,29
113000,CHAPTER XXXVII.,55
113500,“EDW. GARDINER.”,13
114000,but he would go,9086
114500,"“Yes, sir,” said I; “him too; late of this parish.”",136
115000,the,131550
115500,giving me pain; she would far rather have,663
116000,straight.,1109
116500,"secret, and begged to be favoured with further particulars. He",109
117000,resented the sort of bright and gratified,58
117500,Chinks’s,10
118000,"I, “you will be perfectly free and safe again within",620
118500,that they found themselves under a necessity of,470
119000,garlic. “Ah!,66
119500,ought not to be with these men; but they had,1348
120000,"will be a push to catch the morning train,",186
120500,odd of him!”,377
121000,"you came in the spring,",633
121500,may elect to provide a replacement copy in lieu,100
122000,Mr. Laurence waving his,34
122500,"the girls when the troubles came,",262
123000,"have spoilt her entirely; she's nothing but a doll,",95
123500,"tell mine, will you tell yours?""",1008
124000,jewel-cases one,14
124500,"water, and almost as",2078
125000,let your birds hop out of the,60
125500,[Illustration:,898
126000,"she does,",3004
126500,transcribe ear-rings with the hyphen. See page 135 of the,25
127000,can we expect that he will,680
127500,"she asked, anxious",633
128000,hook.”,302
128500,her husband. It’s delightful to watch,395
129000,I,73406
129500,peculiar satisfaction. For my,558
130000,of Scotland--Our people have a strange itch,20
130500,that which lies,1080
131000,"old priest said, Speak to us of",426
131500,I’d a shot him. Next time you roust,26
132000,"“George Jackson, sir.”",85
132500,it the,72739
133000,she jumped up and wiped it off,186
133500,I never heard the likes,270
134000,"he gave way, the rest tumultuous",73
134500,darling care: Who,546
135000,goddess in her mighty hand A,313
135500,"from God and light of heaven, As from",2663
136000,By referring the judgments of the ancients on beauty to,55
136500,mind),4647
137000,that could be,17127
137500,207.,30
138000,"away from him,” resumed Catherine to",294
138500,said a small town … He must know,2117
139000,Son-of-a-bitch,11
139500,his superiors.’,61
140000,"diplomacy, “you look uncommonly like a rejected",41
140500,"“Yes,” replied a",2642
141000,"“Dantès,” repeated he,",333
141500,“now we are on the right,5780
142000,“To Leghorn.”,29
142500,“Has she made a fortune also?” inquired,575
143000,slightest hesitation.,249
143500,"them, a man",16390
144000,am convinced they are all charming women.”,573
144500,"of tobacco known,—from the",16
145000,different; the house you purchase is at,250
145500,eagerly.,464
146000,30055m,10
146500,accept the exclusion which you propose. You say,144
147000,to the,155127
147500,"sir, and that is what I like best,” said the",3992
148000,"“Come, come; enough of this,” said Cavalcanti.",149
148500,you,72784
149000,“Where is,11446
149500,of the president of the,218
150000,on earth are you talking of?”,1227
150500,play me some trick.”,290
151000,and he again,10262
151500,the pit. Morrel,131
152000,"said the servant, “but the housemaid is in Mademoiselle Valentine’s",62
152500,"“Yes, and without violence,”",366
153000,"as soon as d’Avrigny departed, and not only bolted",103
153500,"not recognize me,",288
154000,"childhood, and it was with",218
154500,“What,31965
155000,that,77673
155500,he did not give that,8265
156000,"have a genius for painting, would",171
156500,a,121804
157000,"that in Horace?—_fiat justitia, ruat_ … something",21
157500,me to. Whatever affection prompted I would,132
158000,He had already narrated,54
158500,"silent for a moment or two,",1399
159000,I like,17903
159500,one among the thorns and thistles of the,36
160000,such,15488
160500,mastery,50
161000,"Alyosha stopped dead. Rakitin stopped,",25
161500,never forget it. I’ve a,1217
162000,angel,473
162500,seemed to be pondering. The,75
163000,up?,20705
163500,"not asleep,” Mitya repeated joyously. “Quicker, Andrey! Gallop! Drive up",59
164000,am not guilty. I,636
164500,“But why is it? Why?” foolish Mitya still,601
165000,surroundings—“mamma and my,13
165500,"you to, either,” something made",2785
166000,"directly. Indeed, when the witnesses",248
166500,they wanted to take them from him,2695
167000,"“Well,",20674
167500,Wildwood.”,22
168000,I,92322
168500,"told these facts, with vigor. The heart",89
169000,“God be,5560
169500,III,1008
170000,and not,73740
170500,"and sobbed and prayed, while outside the locked glass",148
171000,to us as the cause of the threatening disaster. Ignorant,158
171500,procession reached Freiberg. Here some friends of Heubner’s,32
172000,"robbers returned home, dragging",179
172500,"‘No, thank you, miss,’ said the fox,",321
173000,—Italian? Haines,178
173500,it turtle on its back. Only a,148
174000,a,137003
174500,J. J. O’Molloy asked Stephen.,147
175000,burned and drowned in New York. Holocaust. Karma,22
175500,They followed.,2299
176000,* *,3
176500,"Miss Douce withdrew her satiny arm, reproachful, pleased.",29
177000,the wife with,4941
177500,Fish and taters. N.,18
178000,_(In a seamless garment marked I. H. S.,24
178500,again.)_,11426
179000,of attraction,206
179500,candlestick on the,64
180000,_Whilst I was at Carnuntum._,18
180500,Mr.,11509
181000,on earth put such a,2809
181500,"“Not out loud, I hope,” said Marilla",1135
182000,are you?” demanded,644
182500,felt convinced that she would never recover,321
183000,property with such dangerous people,927
183500,had got some way out from land they resolved on,1133
184000,"writer, but a North wind would have",387
184500,"Uncle, this is a Montague, our foe; A villain",272
185000,"next Thursday morn The gallant, young, and",169
185500,disquisition upon the subject in order to,25
186000,book more good than all,2495
186500,thanks for the present,1141
187000,"page 109,",80
187500,THE PROJECT,5536
188000,something. On his way to the aunt he bowed,760
188500,XVI,261
189000,"said Prince Andrew, “I am only surprised",1189
189500,"“Crew,",607
190000,"he knew, jolted against him",49
190500,of the regiments and was annoyed at,131
191000,“Here he,18151
191500,"finished singing. While that untrained voice, with its incorrect",31
192000,of him as people always do after a new acquaintance,1216
192500,“I’ll tell you some things about myself. I had,7881
193000,said he in,62802
193500,"irritability had suddenly quite vanished, and her anxious, imploring",83
194000,"like Speránski personally, but I like",180
194500,handsome rosy lad of fifteen with full red lips,353
195000,coming!” replied the princess,2550
195500,you can,17983
196000,in,133572
196500,he is in a weak state as you,1068
197000,feelings again swam to the surface of his mind,159
197500,"sobs. “I don’t know why, but you will see what",315
198000,"glad to see you,” Denísov",966
198500,"Preobrazhénsk regiment, sighed deeply, and",52
199000,due for value received.,889
199500,"conception of the expression of will,",585
200000,retire with as much delicacy,324
200500,INTERPOSITION,75
201000,The buzz-light blinked green and he switched the,22
201500,"you wouldn't call me 'Master Charles',"" Justin said.",611
202000,"look, replied,",4991
202500,who could show a cheek like,687
203000,of my definition of what a whale,155
203500,"bear with all of us, sir sailor; for we all",668
204000,when he might most reasonably,177
204500,parted; the,805
205000,﻿The Project Gutenberg,5346
205500,for the body,4421
206000,truth as a,3311
206500,sights,174
207000,into solitude: for thou,378
207500,lamb’s flesh.,141
208000,"I love thee,",7738
208500,lift my foot from thence,555
209000,Verses 27 to 31 undoubtedly refer to Richard Wagner,160
209500,will be of,40586
210000,I,130225
210500,forehead and settled upon,1038
211000,“‘Where to?’,18782
211500,dark business which was acted in,576
212000,83,92
212500,"her, Thy love’s to me religious; else, does",619
213000,"me, he’s more",2722
213500,Mine ear must pluck it,314
214000,"as you requested, Yourself shall go",183
214500,EROS. My sword is drawn.,180
215000,"ROSALIND. No, some of",553
215500,"Ay, and twenty",1977
216000,"porter for this time, sir, and my name",332
216500,Corioles Scene VIII. A field of,61
217000,[_Exeunt._],2268
217500,me but stand. I will,3885
218000,I would they had not,35759
218500,PISANIO.,268
219000,[_Exeunt._],2324
219500,buzz.,124
220000,"No, let’s come in.",1270
220500,all things necessary and meet me tomorrow,2251
221000,head,10428
221500,FALSTAFF.,1272
222000,FALSTAFF.,1686
222500,LIFE OF KING HENRY THE,2352
223000,PISTOL. Le Roy! a Cornish name. Art thou of,25
223500,ALENÇON. Be it so.,129
224000,[_Exeunt._],2526
224500,Enter Gloucester.,1107
225000,A,165434
225500,"Come, cousin, let us tell",1986
226000,MARGARET. I told your majesty as much before;,946
226500,Cardinal,1018
227000,"legate, by which power You maimed",52
227500,best appointment all our,538
228000,VII. The orchard,274
228500,Be it,77328
229000,"BRUTUS. Come, poor remains",740
229500,thou angry?,1944
230000,Messenger.,1292
230500,"varied too, for it was",177
231000,"else more plain, That shall express my true love’s",1133
231500,"unless you play the honest Trojan, the",493
232000,’tis he; the,4955
232500,and leaves unquestioned Matters of needful value.,29
233000,trade. Mercy,530
233500,"a fleshmonger, a fool, and a",18
234000,"And do you, Gratiano, mean good faith?",272
234500,Here comes fair Mistress Anne.,2365
235000,"dances, he has",191
235500,"you does not serve heaven well,",1389
236000,"but now did spurn me with his foot, To call",121
236500,let,16577
237000,"you with me, honest neighbour?",480
237500,BRABANTIO.,125
238000,"Honest? ay, honest.",2003
238500,"hear me, Roderigo?",312
239000,Gower.,250
239500,"BAWD. My lord,",396
240000,It is my Lord,12098
240500,"it, Lady Anne, being the mourner, Tressel and Berkeley and",29
241000,"London,",2315
241500,must talk a,4360
242000,"NURSE. Faith, I can tell her age unto an hour.",1474
242500,"will, What simpleness",39
243000,"as swift As breathed stags; ay,",40
243500,"nor tomorrow, not till I please myself. The",2632
244000,Grumio._],314
244500,to the,260562
245000,different pleasures.,497
245500,FRIEND. I have lost my gown.,588
246000,Chiron and Demetrius,142
246500,And I am sent to be revenged on,178
247000,why hast thou not served thyself in to,1054
247500,glory of our Troy doth this,1087
248000,Olivia’s House. Scene IV. A Room in the Duke’s,60
248500,FABIAN.,163
249000,"perverseness? You uncivil lady, To",38
249500,that Love hath not an eye,4350
250000,my height. And at that time I made her weep,775
250500,But his body And,4592
251000,prayers. Let the temples Burn,283
251500,Commit me,530
252000,"CLEOMENES Good madam,—",74
252500,I,148012
253000,Be,78348
253500,"added them up, and reduced the answer to shillings",390
254000,"a strange noise, just as I was",1472
254500,XIII THE,379
255000,"he knew how, but Big Sue laughed.",1102
255500,all two if you,18276
256000,down on the ground and,4054
256500,"that same afternoon, and when she",1372
257000,"even in his agitation, Mr. Lorry observed to be all",632
257500,V. The,1516
258000,know her?”,23515
258500,"my Pross?” (By this time, Mr.",349
259000,"silence, the fainter hope there",92
259500,you are,47168
260000,do you think of our not starting from this,550
260500,abhorred,132
261000,"a fee for access to, viewing, displaying,",354
261500,little Nora acknowledge that at last?,328
262000,LINDE. But help may,666
262500,"to him, he",79662
263000,* * * *,5
263500,paragraph about children being decoyed away at Hampstead. It,69
264000,Lordship’s,142
264500,CHAPTER XXVII,154
265000,"cried the Duchess, bending forward. ""You know, too?""",537
265500,head and delicate form breathed a will so,479
266000,temporary discomfiture--of,24
266500,and looked out into,11055
267000,it had been,37030
267500,"Then, motioning to her to come nearer,",57
268000,what he talked,1503
268500,"wounds, wished for revenge and longed to give back blow",526
269000,into the courtyard he stopped near a lamp,489
269500,his,98633
270000,am sure. I like,5785
270500,“What is the matter with your highness?” asked La Ramee.,334
271000,"“Yes, that’s the thing, my lord!” cried his custodian, gaily.",35
271500,Comte de la Fere.”,293
272000,she was,58581
272500,I desire your presence in Paris to,2411
273000,"Aramis, “that young fellow is",1537
273500,rocks,604
274000,"return to you; take it, I",4824
274500,my barony.”,89
275000,“and I have seen neither goat nor kid caught,159
275500,I am on guard.”,1429
276000,common criminal by the,389
276500,“Port wine.”,591
277000,matter of indifference to,500
277500,if your majesty,2308
278000,“Are you there?” asked Porthos.,2592
278500,all references,434
279000,was teasing her father to have one.,105
279500,"evening,” said Valancy reflectively. “No, not quite every",69
280000,Barney paid her no,686
280500,PG,175
281000,"“Neither,” said Lady Caroline.",473
281500,child of light. Fancy not minding,114
282000,gaunt and stern as,308
282500,him; and I,79728
283000,"well, child. You have",5030
283500,made,20298
284000,"from him. His family knew him to be,",4492
284500,"unluckily for her Ladyship, its effect",121
285000,"effort to identify, do copyright research on, transcribe and proofread",193
285500,"ear,” said Miss Havisham, bending down.",473
286000,"quarrelled with him,",92
286500,"wife privately, because",266
287000,"glory of our Kings and Queens was utterly abased, I",46
287500,"knew about peerless beauties, a mean, miserable",93
288000,little way open for me to pass in.,3704
288500,shrew sister.”,106
289000,Smollett,79
289500,us as the wisest and best-educated prince in,28
290000,does,7766
290500,he know?” whispered Lucy as,1430
291000,"“Cecil! No,",601
291500,Lucy nodded.,988
292000,Freddy’s letter?”,39
292500,"to the fire, mother in the big chair, with",2599
293000,"of her sister. She beckoned, and Jo reluctantly followed her",190
293500,be a grand thing for one of those,1245
294000,"was a little saint,"" added Meg, as if there could",1474
294500,"could, with a lump in his",261
295000,"to-morrow,"" added Amy,",1290
295500,dreaming that he would be called upon,335
296000,them this when we,41480
296500,be courteous,387
297000,of them founded on incidents from Miss Alcott's,42
297500,“How sweet!”,5047
298000,“Have we,45342
298500,ship’s side to see the crocodile,113
299000,ALGERNON. Your,547
299500,"never break off our engagement again, Cecily?",627
300000,nature--He has read a great deal; but without,22
300500,"this, perhaps,",8087
301000,"spaces in your togetherness,",16
301500,the least of them is more beautiful than pleasure.,3776
302000,widow. She,1131
302500,“A piece of a,2814
303000,"“Dern him, I wonder what",35
303500,"captain see me standing around, and told me",2910
304000,"He’s plumb crazy, s’I; it’s what I",84
304500,"to guide, And",823
305000,"in despair; And all her guardian gods, in deep dismay,",433
305500,"said, and",82595
306000,the existence,1412
306500,of,274204
307000,number of these chosen people is ever becoming,961
307500,lips a smile there lay ...,3957
308000,of equal size and similar,637
308500,"violently affected moment by moment, and as she",530
309000,years next November.”,325
309500,“Nonsense.”,1069
310000,from glowing white changed to a,484
310500,I?”,177581
311000,"not touch at any other port, his disorder rose",506
311500,"with him, and armies will be despatched",180
312000,wish,7158
312500,"said the grave-diggers, “two! three!”",82
313000,"“Both, sir; one with a letter, and the other",6010
313500,20063m,13
314000,"such trial,",1102
314500,"were to die, first",4773
315000,five o’clock.”,2356
315500,"“Yes, I do remember,” replied the",4860
316000,light did you view the occurrence?” inquired Monte,223
316500,“Yes.”,14966
317000,"he adjusted the glass to his eye, and biting",196
317500,in the least.”,6474
318000,"count,—I hope—I assure you I shall do my best,”",27
318500,"a handkerchief like yours on my head, rags on my",339
319000,"of bad taste, and is still more",2058
319500,“Is it a suitable match?”,539
320000,“No.”,66272
320500,answer.,5314
321000,I suppose this to,4742
321500,got in very,12106
322000,I showed it,2854
322500,father.”,14657
323000,is.”,127469
323500,asked Morrel.,2129
324000,"Albert in a firm, calm voice; “you love",1170
324500,50201m,13
325000,"do, then, obey someone?”",1102
325500,know he,35786
326000,"Go to the window, missy; I thought I",57
326500,"can’t paint,” said Naumann. “There you have",82
327000,the life within her was so intense that,562
327500,yours with persistent,160
328000,to,302360
328500,"was known, about their being forced to take one",1435
329000,"Wrench ought to be obliged to him,” said",217
329500,"three years before, and her experience since",2002
330000,public feeling which held it a matter of,3731
330500,"due season, thou mayest",192
331000,XXII.,249
331500,“Shameless hypocrite!” exclaimed Dmitri,155
332000,like a,44082
332500,opened the door,4636
333000,to say—something,17
333500,"tell you, Rakitin, though I am bad,",361
334000,He’ll marry Agrafena Alexandrovna now. That’s why he’s come back,123
334500,"“Or better run, run, you must run and save the",3739
335000,make haste. We must pass to examining the witnesses without,510
335500,you,153652
336000,conversation. He put that off till he had seen,4199
336500,was on my legs.”,2436
337000,"of my misery at once!” he exclaimed suddenly. “Tell me,",1335
337500,CHAPTER III,2232
338000,the use of having any preachers? Any church? Let,322
338500,his fist was coming up—and Floyd had suddenly,43
339000,beats so. Dear,378
339500,not speak.,11906
340000,judged from his,593
340500,"use of stale phrases,",289
341000,just,18778
341500,for a favourable opportunity to,606
342000,"the Oesterreichischen Zeitung, where it was printed in their columns",37
342500,came to,25062
343000,"the prince scornfully, and",156
343500,"—There’s your snotrag, he said.",23
344000,the,423596
344500,—A,283807
345000,"answer it,",6465
345500,"—How is the main drainage? Nosey Flynn asked, sipping.",37
346000,is,133877
346500,Dollard,185
347000,I did sir. Wouldn’t trouble only I was,2773
347500,says the citizen.,1457
348000,could ever efface the image of,80
348500,BLOOM: Mixed races and mixed marriage.,273
349000,Hoopla!,21
349500,Mezzo sovrano più..._,21
350000,"night attire had lain, sleeping.",262
350500,the troubles of late years had been too much for,687
351000,be feared that the fount,53
351500,days of receipt that s/he does not agree to,728
352000,agreeably surprised to hear a plaintive,163
352500,"Anne, and don’t let me hear another",4899
353000,a,286225
353500,THE SUITORS—TELEMACHUS MAKES HIS PREPARATIONS AND STARTS FOR PYLOS,29
354000,direction of,2561
354500,the,410736
355000,"Speak briefly, can you like",363
355500,a ring she bid me give,2002
356000,"or drive the rapid car; Or, on wide-waving wings expanded,",28
356500,"the habit of considering nothing, nought, zero, cipher, or",74
357000,"of _antilogarithms_, of the kind which Dodson[576] afterwards",26
357500,nineteen. He was a great bibliophile and an enthusiastic student,31
358000,"are often created from several printed editions, all",778
358500,CHAPTER,9124
359000,In the drawing room the conversation,2041
359500,what joy for the,4893
360000,"the hussars, thinking that here one would not need finesse;",109
360500,CHAPTER,8992
361000,of,313190
361500,first thought. “And I did not know,20299
362000,and he took up the cards with a,712
362500,"answer. The servants came out to meet them, and he",2585
363000,XI,536
363500,the scent,438
364000,her after the old prince had gone out and,9809
364500,it is,161033
365000,"face,",17631
365500,VIII,640
366000,"during the battle?” he said, exchanging glances",164
366500,our position are in the enemy’s hands,548
367000,"opened her eyes in dismay and, seizing",544
367500,no fear!”,8266
368000,bitch!” said,176
368500,decides the fate,98
369000,"to sleep, Mary, sit by me a little.”",4317
369500,or,65246
370000,quality of histories of this kind (which may,157
370500,"day condescended to accept of her money, out",115
371000,she,78787
371500,or any part of,15124
372000,hospital cot. Even as he sat up he could feel,207
372500,"deaths of, say, fifty million innocent people. He left marks",555
373000,I tell from what vile hole he had,958
373500,"step, that",2971
374000,knives down in the forecastle,205
374500,"life, with all their panting lard about",82
375000,beating of his hammer the heavy beating of his,371
375500,cried Ahab from the boat; “its wood could only,1903
376000,find illusion and arbitrariness even,37
376500,is for woman a means: the purpose is always the,4909
377000,envy that I see waiting eyes,804
377500,me attached to man as,1209
378000,blessed nostrils do I again breathe mountain-freedom. Freed at last,33
378500,"the paths of love, through bushes",474
379000,time flown away? Do I,212
379500,ANTHONY M.,101
380000,"sitting-room, which was the very room",330
380500,“The doctor?”,5216
381000,"a credit to the Bow Street cells, does he?”",130
381500,suggested that it,1513
382000,thought of looking,10267
382500,52,174
383000,"PAROLLES. Why, there ’tis; so",650
383500,"it, in usurping his spurs so long.",101
384000,Most sweet queen—,5705
384500,Will Caesar weep?,1285
385000,For,158511
385500,Frederick steps aside._],1248
386000,"PHOEBE. Ha, what sayst",253
386500,ANTIPHOLUS OF,1468
387000,ANTIPHOLUS OF EPHESUS.,1003
387500,of the people is,18326
388000,[_Exeunt._],4314
388500,POSTHUMUS. Please your,491
389000,"heard I am a strumpet, and mine ear, Therein false",142
389500,dullard in this act? Wilt thou not,27
390000,Nor the soles of her,170
390500,"They are of Norway,",103
391000,"FALSTAFF. Now, Hal, what time of",186
391500,"season, if your mother’s cat Had but kitten’d,",24
392000,good tidings comes with you?,638
392500,"BARDOLPH. I beseech you, which is Justice Shallow?",971
393000,"Ay, come,",4080
393500,of my,137828
394000,"GUNNER of Orleans and BOY, his",96
394500,"CAPTAIN. Cowardly knight, ill fortune",298
395000,no words but mum; The business,177
395500,death; For suddenly,8601
396000,a shambles of the Parliament House!,59
396500,[_Exit._],4655
397000,of this sweet,6185
397500,Enter Wolsey and Cromwell.,498
398000,beat,2187
398500,[_Exeunt._],4726
399000,lowly courtesies,79
399500,up._],62758
400000,not,171266
400500,[_Exit Edmund._],794
401000,fright them hence with,685
401500,very learned.,3869
402000,"Iscariot, sir. _Judas I am,",36
402500,cause of state Craving us,278
403000,VIII. The same. Another part of the,685
403500,Gentle my,4139
404000,"nothing then, neither maid,",2384
404500,"certain, I, for my part, knew the tailor that",549
405000,BARDOLPH. You Banbury cheese!,48
405500,to you to do a good,40105
406000,It is admirable pleasures and fery,61
406500,"finger, I shall make bold with you.—Your name, honest",42
407000,in the despite of beauty.,1192
407500,CONRADE. And thought they Margaret was Hero?,159
408000,"my cousin’s hand, stolen",592
408500,[_Exeunt._],5112
409000,fountain from the,610
409500,"peace, and give experience tongue. They",2248
410000,That,254600
410500,’Tis better,8335
411000,"mouth, my lord, did I this deed.",1470
411500,Enter another Citizen.,2022
412000,Enter old,15400
412500,shall I groan and,691
413000,"comes back to Romeo, Who had but newly entertain’d revenge,",57
413500,INDUCTION,56
414000,you there.,70904
414500,giddy,342
415000,she had,91834
415500,He’ll spare none.,1517
416000,"to swell our spirit, He shall be",475
416500,by leisure him that mocks,153
417000,"in us. We’ll follow where thou lead’st, Like stinging",31
417500,I,269782
418000,[_Exit_.],5258
418500,[_Exeunt_.],5356
419000,"DUKE. But died thy sister of her love,",3872
419500,"tell me true, are you not mad indeed? or",2782
420000,PANTINO. In thy tail!,134
420500,"At Friar Patrick’s cell, Where I intend holy confession.",54
421000,Palamon and,1044
421500,"Enter Theseus, Hippolyta, Pirithous and Attendants.",302
422000,bury honesty. There’s not a grain,559
422500,"but plain fellows, sir.",2038
423000,straight ensues. Sometime her grief is dumb and,89
423500,she concluded that it was just,1280
424000,under,17020
424500,administered; what,290
425000,of or providing,1279
425500,as hickory nuts all over me!”,69
426000,"the bed?” Breeze asked, and Uncle Bill",2172
426500,But April jerked him,274
427000,"talk hard, Joy. I can’ hear no whisperin’!",24
427500,would be happy to,8006
428000,her hand,25918
428500,“Never.”,32612
429000,has said of,39090
429500,over,32502
430000,which I don’t say,19865
430500,“One,78377
431000,her,98027
431500,your mind? You will,19430
432000,NORA.,2675
432500,more wildly. HELMER has taken up a position beside,606
433000,as near the correct time as possible. The,864
433500,could only,43523
434000,"I think, Dr. Van Helsing,",1194
434500,I like to oblige his lordship. We,333
435000,* * * *,6
435500,"""Good gracious!""",2069
436000,new to,18048
436500,"out of the window busily, and bit",278
437000,"child, leading him, opened the door",1467
437500,"see Pattison, the Military Secretary there, who",25
438000,"door. Two figures came noiselessly into the room, the Duchess",193
438500,"impulses, belonging to the natural, physical life, the powers of",333
439000,the chair on which Mazarin sat.,1982
439500,D’Artagnan,5135
440000,them to those,23640
440500,guessing,175
441000,friend!”,17530
441500,Raoul obeyed.,602
442000,his saddle-bags and sheathed,37
442500,darkening his countenance at the,109
443000,passing back into the ante-chamber.,342
443500,oftentimes,186
444000,“Yes.”,18875
444500,was,170651
445000,“From whom?”,18820
445500,unfastening the Order of,39
446000,“How so?”,42970
446500,was fated that I should not,181
447000,a canoe.”,356
447500,"said Planchet, bowing.",630
448000,"to do, madame, all that",5449
448500,"“Me, also!” repeated Porthos.",3650
449000,"the way,” said Bazin, “where was he carried?”",383
449500,way that becomes you. Your face is so small that,1288
450000,"was generally away from home—if not working, then shooting",36
450500,me,127108
451000,really disgusting that Doss’ crazy adventures should have turned out,157
451500,Mrs.,15733
452000,that divine air; and there,2216
452500,be,146356
453000,felicity,238
453500,assured her that whatever she wished,2130
454000,“It is a proof of your own,2058
454500,"to Brighton,",187
455000,"me, once for all, are you engaged",2452
455500,fairly,1294
456000,said the girl; “but you see she don’t.”,7752
456500,"with a half-holiday, if you get it?” said",58
457000,"rather confused, thinking it must be out",1117
457500,"though, that",25563
458000,apart at,2059
458500,that Mr. Jaggers—”,1075
459000,landlord. “Ever since he was—no height at,36
459500,"my heart,” I answered.",8717
460000,be transported,446
460500,"disappeared. “Why didn’t you talk, Lucy? He",1841
461000,"“Non fate guerra al Maggio,” he murmured. “‘War",29
461500,"joining them. “Minnie, don’t",263
462000,inflict Joseph Emery Prank on you no,78
462500,physical disgust.,686
463000,the District,616
463500,any one: it isn't,3001
464000,never,35193
464500,"your feelings first, by asking if you don't think",2388
465000,"""Bless your heart, child, it's to keep",2112
465500,Don't,21087
466000,that virtue was not always,3742
466500,instant; then,4338
467000,"did many other things; and, though she",18519
467500,=Spinning-Wheel Stories.= =Silver Pitchers.= =Proverb Stories.= =A,58
468000,"said the nice Wendy, “I don’t mean a",1206
468500,"said, when they had looked for him",21079
469000,"iron one; and as it tore him, the perspiration",344
469500,book that,5873
470000,"ALGERNON. Well, Cecily is a darling.",1058
470500,"Respected Sir, Your",678
471000,"he mentioned by way of illustration.--He, moreover,",27
471500,And others came also and entreated,518
472000,are not evil,3107
472500,per’aps if we keep them till they’re,24
473000,to the left and shot,2156
473500,"wanted to try the Nonesuch again,",59
474000,at last I struck the time I saved,2181
474500,“_Noth’n!_”,58
475000,"the sway, Till great Alcides made",107
475500,Safe from,2967
476000,dance,2165
476500,"Dante: “Hell,” canto v.",36
477000,least to do,9161
477500,"instance, is the first poem in the",744
478000,92:,106
478500,any,43574
479000,a libel. I’m too,108
479500,“All,137429
480000,you,203031
480500,READ THIS BEFORE YOU DISTRIBUTE OR USE THIS WORK,1416
481000,"twenty-five or six, and held a piece of cloth,",503
481500,the guilty person,2020
482000,of person,10596
482500,its,36428
483000,"amused me very much by telling me stories. One day,",939
483500,the friends Edmond esteemed most faithful and devoted to,494
484000,“Read!” said Morrel.,2527
484500,next morning. The,12446
485000,words of their entertainer; but whether with,105
485500,the Palazzo by,82
486000,from Rome an account,2871
486500,"upon you,’ answered La Carconte, with an",285
487000,the count drove off,2526
487500,“What,96189
488000,"“Where are these papers, then?”",2249
488500,"the count, the approbation of whose eye Villefort had frequently",579
489000,“When?”,82024
489500,I,320633
490000,‘Foul deeds will,1222
490500,apprise them; will,80
491000,"from the earth,",8617
491500,"d’Avrigny,” cried Villefort, “I cannot tell you all",515
492000,work—one is not,17
492500,"“Well,",60143
493000,Monte Cristo; “I have seen him sleep with a sword,4328
493500,that the proud artist was quite struck. Near,780
494000,brucine,56
494500,"you,”",253123
495000,To call Edward he,2263
495500,get them at all. Go to the devil! You do,4057
496000,CHAPTER III.,3045
496500,stay out,8174
497000,obviously convenient for himself.,691
497500,“And you are very happy?”,8977
498000,to be said against her husband except,5459
498500,them gently behind her,2173
499000,in Dorothea before she,3780
499500,"walking along the gravel slowly, and Sir",284
500000,even if there had been no direct evidence of,1992
500500,we can hardly call a woman wise who does that.,2800
501000,little Pearl!” answered the,1058
501500,[Illustration],3738
502000,"not read your article, but I’ve heard of it,” said",1151
502500,"him now,",74833
503000,she really will be able to sleep,7702
503500,"as solitary as ever, and though he",1101
504000,"Rakitin,",560
504500,"go at once,” said Pyotr Ilyitch, after reading",362
505000,Maximov explained to the,309
505500,"in haste, without thinking",2557
506000,I like talking to the peasants.... We’ve,945
506500,"irritation, with a note of the simplest curiosity.",309
507000,know he,51158
507500,“Not less.”,10165
508000,man and had not only ducked him,112
508500,frequented gathered in the room of Frank Shallard and,266
509000,the,649783
509500,cost me my,2789
510000,be in the church!”,6054
510500,to his prestige.,102
511000,both the K. K. K. and the,335
511500,“Yes!”,22311
