Term,Posting List Size
recourse,16
surmounted,16
inhabitant,16
powerful,80
freezing,16
knees,32
arrow,16
behold,208
complexion,32
tyrannical,16
collections,16
entrance,16
accumulation,32
louisa,16
intricacies,16
houses,32
icerifts,16
raised,112
mule,32
tartary,16
pace,32
demonstrate,16
element,48
opened,288
attention,344
studied,80
create,144
arrowy,16
doting,32
evils,64
illustrate,16
tore,80
herb,24
glutted,16
window,136
coincidences,16
genius,96
27th,16
corporation,16
pioneer,16
mentioned,112
unenforceability,16
wrap,16
sympathies,48
god,312
was,11544
codes,16
trader,16
content,112
understanding,80
testimony,16
indicate,16
believed,208
shadow,128
thatch,16
sinister,16
doubts,16
top,32
undulations,16
follow,160
depositing,16
knew,504
detect,16
proportionate,16
lover,120
no,2592
certain,96
shoreoften,16
nightmare,16
forests,16
king,48
enlightened,48
creations,32
group,48
haggard,16
accents,96
way,320
diet,16
resumed,32
repay,32
agonised,16
dashed,32
violently,96
award,16
disobey,16
narrow,32
tearing,32
suppressing,16
inhabits,16
menaces,32
add,64
relatives,32
card,16
sails,32
ballots,16
chamber,112
acquaintance,16
endowments,16
evian,32
providence,16
solemn,128
acquirement,32
beneath,176
vaud,16
machinereadable,16
budding,16
fanciful,16
computer,24
farther,48
abhorred,184
executed,48
educated,32
thats,16
contest,16
tree,80
vales,16
lord,16
redress,16
blindness,16
abject,32
maternal,16
austria,16
overflowed,48
basest,16
dogs,96
appropriated,16
plaited,32
gain,128
tumult,64
avoided,48
course,288
taking,144
opinions,24
sworn,32
names,232
agreement,216
caused,160
spokebut,16
reverted,16
animation,112
power,624
carried,176
taste,80
frost,72
most,1448
springing,16
posterity,16
leagues,48
milkhouse,16
judith,16
stifle,32
theme,16
hour,376
unlike,112
passed,1040
infantine,16
appearances,64
tormenting,32
jewels,48
glittering,48
withered,16
opposition,16
rekindled,16
proficiency,24
asks,16
ministered,16
aim,32
completed,32
comprehend,56
alas,312
various,416
repined,16
value,48
thousands,48
office,32
impressed,128
insatiable,24
persuaded,112
disbelief,16
bowing,16
languishing,16
scenery,64
precipitation,16
calamities,16
sunrise,16
difficult,32
harem,16
turns,32
arranging,96
unhappy,296
told,224
tedious,64
voiceless,16
solemnity,64
schoolfellow,16
introduced,48
populous,16
honoured,16
dissuade,16
villain,32
accessible,16
creatures,408
abstruse,16
reread,16
impulses,48
deliver,64
consume,40
resist,16
destructive,16
latterly,16
impelled,32
busily,16
paperwork,16
woods,192
shut,192
whenever,32
added,112
unprejudiced,32
helplessness,16
bone,16
lady,152
possible,176
avalanche,80
irremediable,16
format,48
mind,1288
triumphant,16
offspring,48
along,208
happier,64
caves,64
confessor,32
ugly,64
spite,64
gnashes,16
compassion,168
faithful,16
extreme,256
roots,56
projectors,16
curiosity,224
depressed,64
branches,176
assassinated,16
lovers,32
comfort,96
tremendous,112
cruelty,16
extraordinary,16
anxiously,32
torturing,16
distinctly,32
facts,88
meanest,16
handkerchief,16
angrily,16
grass,80
coarser,16
10,32
encountered,16
friends,840
unfold,16
useful,64
unfortunately,48
befall,16
begin,96
afterwards,272
easier,16
meadows,32
plants,32
bedim,16
charnelhouses,32
intercept,32
disclaimers,16
lose,120
angelicashe,16
england,320
unhappiness,64
inflict,48
half,256
profession,32
contributions,32
divine,192
residents,16
capacious,16
plutarch,16
asis,16
unlink,16
capacity,48
created,216
groan,32
married,64
capacities,16
totally,48
penetrate,96
interested,80
weeps,16
ranked,16
mandate,16
avidity,16
idler,16
journal,64
crowded,32
lands,16
hot,16
interspersed,32
resigned,32
expeditions,16
swallow,16
ill,256
figureher,16
eternal,176
banas,16
recovering,16
lieutenant,32
picture,168
walk,88
speaking,32
resided,64
mountainsthey,16
binding,16
halfsuppressed,16
yes,80
1f,16
differed,32
impatience,48
relinquished,16
feverish,80
nature,784
confiscated,16
blast,80
knocked,16
paths,64
led,272
bared,16
excitements,16
filthy,80
vain,208
search,128
yourselves,16
representations,48
supernatural,56
recent,48
overtake,16
isaac,16
torturer,16
sister,424
epithets,16
stopped,40
r,16
mother,416
themselves,192
gives,96
natural,336
difficulties,32
fix,64
emblem,16
sent,80
side,120
flames,32
barred,64
ask,152
inconsiderate,16
inequalities,32
news,80
sloping,32
barren,48
syndics,16
hindrance,16
routine,32
principal,40
humour,32
poems,16
identify,32
inscriptionsyou,16
faults,16
enveloped,48
rejoiced,48
parts,80
engage,48
oftener,16
incline,16
classifications,16
afforded,80
rankling,16
acts,16
darkleaved,16
produced,208
difference,80
man,1896
user,40
cowards,16
thunders,16
irretrievably,16
imagine,64
brutality,32
tremble,96
languor,48
entreat,96
rough,32
tendency,16
detain,16
501c3,16
sleepless,32
doubt,192
hovers,16
wise,16
governed,16
ebooks,88
improbable,16
idleness,48
increased,192
5th,32
conquered,32
reasoning,64
swifter,16
system,32
regretted,16
wide,112
fresh,176
delusion,16
ogre,16
savoy,16
incalculable,16
use,312
swallowed,80
possessions,16
encouraging,16
naval,16
thanks,48
gone,208
by,6392
indemnity,16
pays,32
suggested,32
faded,16
dross,16
harden,16
recovery,48
really,160
september,96
deviating,16
a,15840
relation,80
difficulty,176
discoveries,104
ravished,16
ear,64
wasted,48
free,432
won,48
but,9008
nugent,32
christian,40
talked,80
unequalled,16
international,16
exculpated,16
salutations,16
professor,120
stars,168
mischances,16
imitate,48
jewel,16
wrong,16
affection,632
selfviolence,16
surpassing,32
broad,32
intense,112
delineate,16
how,1408
motionless,96
inferiors,16
obtained,112
past,224
shrinededicated,16
precaution,48
grades,16
clapping,16
oppression,32
license,248
savoury,16
playfully,32
scourge,16
released,16
subsist,16
legally,16
sensibly,48
hovered,16
acquire,32
drop,40
phillips,16
tempted,56
petticoat,16
amusements,16
expire,16
die,368
poignant,32
hurried,104
goals,16
obstructed,32
rooms,16
thanked,64
landed,96
tyros,16
interment,32
aside,64
ashes,32
sun,688
fairest,16
ribbons,16
disgrace,32
fury,96
consoled,16
among,776
void,48
utterly,176
pursuits,64
them,1776
based,32
enticements,32
whaler,16
terror,160
eleven,16
sensation,192
affected,48
ended,32
distribution,88
seems,64
activity,48
sustained,80
domain,32
firmest,16
ashamed,16
barriers,16
1993,16
crucible,16
balancing,16
sign,32
warmer,32
that,12048
meltzer,16
adduced,32
occurrence,48
religion,48
decayed,32
dæmon,272
built,32
devotion,48
fourteen,16
singularly,32
determining,16
archangel,80
firmly,48
exactly,48
softness,16
sleeper,16
distinguished,144
complete,128
of,27384
imperceptible,16
pinnacle,16
cell,32
shocks,16
believe,520
rob,48
fiend,472
fountain,16
mr,200
framed,16
species,176
none,288
inspiring,16
simplest,32
laying,32
affirm,16
sheets,16
walking,104
everywhere,32
rushed,144
sedulous,16
characters,48
domestic,80
passions,192
cries,32
italy,96
marks,16
ceasing,16
india,16
contemplated,144
tale,488
weighed,96
informed,64
apathy,16
roused,112
localities,16
nervous,80
enunciation,16
bliss,48
abide,16
unwillingness,16
tarnish,16
instruments,120
proposition,32
languages,72
hastened,144
prayer,16
magnus,48
blot,32
intended,96
visions,80
domes,32
halo,16
predilection,16
believes,64
submission,16
states,264
cure,16
aright,16
offers,32
success,184
pleasure,568
dislike,32
unallied,16
torpor,32
oclock,112
fare,48
labour,200
increases,16
occasions,32
cruelly,16
hideously,16
rumbling,16
main,16
propagated,16
uncovered,16
thus,1000
burn,16
clever,16
murderers,16
actuated,16
skirting,16
wider,16
whilst,144
store,48
refuse,128
simply,16
3,104
detach,16
revive,64
elements,48
drive,64
prominently,32
far,608
albatross,16
tearful,16
villains,16
turn,192
credits,16
recommencing,16
copy,168
unreservedly,16
reflect,272
romulus,16
wife,176
exercise,96
denounce,16
heaths,32
unguarded,32
this,5968
urged,176
dutch,16
division,16
unqualified,16
dialects,16
exerting,16
compose,48
hue,16
conformation,16
schoolmaster,16
enormity,32
republics,16
proves,16
forgive,64
reprobated,16
detracts,16
consolation,256
giving,64
strict,16
turning,112
please,72
coarse,64
frenzy,48
innocence,272
waldman,144
caresses,32
price,32
ugliness,32
obliterated,48
persuades,16
execution,128
bathed,16
shall,1432
wiser,16
floor,48
dabbled,16
securely,16
penetration,16
maybe,16
middleaged,16
lively,128
precipices,96
complied,16
wantonly,32
hearts,64
excuse,16
intimate,48
beggars,16
conceal,80
penalty,16
recurred,48
climes,16
murdering,16
masquerades,16
mistaken,96
reside,32
restoration,16
mistake,16
together,136
cabriolet,16
were,4200
poverty,152
sprang,64
gardens,16
tolerated,16
clock,16
asiatics,16
bearing,48
hundred,48
bitterly,160
roared,48
afflicted,32
deduce,16
kindle,16
luxuriant,32
rude,96
lonely,32
wail,16
theories,16
du,16
ourselvessuch,16
wilds,48
share,80
participate,32
weep,160
repentance,32
breathe,48
conducting,32
irresistible,48
sting,64
reiterating,16
befitting,64
destroyer,96
today,32
feeble,48
shuddered,80
miracles,16
hangman,16
city,176
modulated,16
distrust,16
moralizing,16
conciliating,32
blue,176
high,288
lovedst,16
stay,80
loathsome,80
wore,48
perilous,16
trees,296
descended,128
alternate,32
desperately,16
ministers,32
multitude,96
undiscovered,32
madness,144
explore,32
fugitives,16
tide,32
soil,16
adversarys,32
fortnight,80
nothing,608
operate,16
chasms,16
sobs,16
delighted,128
prelude,16
number,80
tackle,16
irresolute,16
followers,16
observed,336
building,16
consideration,80
advancement,16
owing,16
prolong,48
dispelled,16
wishing,32
industriouspainstaking,16
ate,64
finding,128
sweet,360
evil,352
clasping,32
halfclothed,16
inhuman,16
reached,112
tay,16
these,2328
least,192
miseries,144
engages,16
nightingale,32
mutiny,32
every,1624
muttered,16
assisted,48
turks,16
habits,64
obnoxious,16
assurances,16
oaks,16
companions,184
apprehension,64
animal,144
precipitous,32
congratulatory,32
owes,16
support,256
later,16
matlock,40
shades,48
appears,128
unexpected,32
cherish,16
confess,120
thames,16
vow,64
art,112
pistols,32
instigate,16
struggle,64
gossip,16
costs,32
fund,16
conception,96
ceremony,48
real,112
twenty,64
detestable,32
fears,160
tranquilly,16
drifted,16
skill,16
captain,72
shape,104
diffusing,16
mutual,80
1f5,16
chances,16
excess,144
encompassed,64
tongue,16
parent,32
smelt,16
heartmoving,16
picked,16
foliage,32
8,32
fort,16
obey,32
speech,128
modest,16
proof,80
notifies,16
minds,80
charity,32
morrow,64
inadequate,16
master,128
about,896
abhor,72
affections,104
wander,64
vulgar,16
towered,16
conductor,16
castle,32
tax,80
circumstances,216
firm,112
creating,96
grateful,48
let,424
agitates,32
inclemency,32
rocks,48
invented,16
annoying,16
heavenly,48
probabilities,16
soothe,64
confines,32
veiled,16
plunge,48
fallen,144
uneasiness,32
mississippi,16
unquiet,16
construct,16
shepherds,16
augmented,64
promised,208
arve,40
succeed,96
breach,24
withhold,16
body,344
disclaim,16
thoughtlessly,16
envelop,16
stuff,16
12th,32
assizes,16
pierced,16
perfectionate,16
flit,32
back,240
resign,16
frowning,16
snake,16
acme,16
shower,16
gay,112
alter,64
divulged,16
resistless,16
doubtless,128
stared,16
volneys,16
encounter,80
turkey,24
imminent,32
satan,32
bea,16
rougher,16
insurrection,16
scientific,48
aspired,16
sobbed,32
assemblance,16
incommoded,16
bodily,64
uncontrollably,16
judgement,16
grasped,64
disconcerted,16
commerce,16
formerly,80
asylum,64
silent,240
reason,208
uncle,136
lurked,16
opportunities,16
took,560
finally,32
adjacent,16
respected,64
calling,32
corruption,40
mingling,16
eye,288
revel,16
melbourne,16
awake,56
run,32
detest,16
vivacity,48
systems,32
ignorance,64
sentiments,64
theory,64
screamed,16
artifice,16
desirous,48
attracted,88
expressions,32
approved,16
bud,32
frantic,16
hemisphere,16
unabated,16
source,80
fainted,96
incurable,16
beneficial,32
snowclad,16
executing,16
transaction,16
mansfield,16
risen,48
robbed,16
unwillingly,16
pen,16
care,344
solemnisation,32
gravesend,16
revived,48
permitted,104
people,224
quiver,16
fatigued,32
errors,32
light,608
flitted,16
command,64
beyond,128
dearest,288
considerably,48
inhospitably,16
complaints,32
overcome,256
copies,120
stir,16
evidence,152
soup,16
glacier,72
old,744
parliament,16
inroads,16
2,88
gathered,80
unstained,16
exercised,32
brooding,16
spurned,56
drifting,16
1f6,16
foundations,88
branch,56
exalted,16
directly,32
disgust,80
compact,16
inmost,16
resolution,128
failed,128
removed,96
owest,16
impassive,16
crawling,16
nine,16
other,1400
nourishment,48
cypress,16
staglike,16
kingdoms,16
employ,32
fifty,16
18,32
disowned,16
usage,16
hovel,208
thou,168
discerning,16
tolerably,16
serve,16
volumes,32
surmounting,16
if,3016
measured,16
retirement,16
placing,32
transported,64
orkney,16
pursue,272
lucerne,32
year,128
disappeared,136
authority,16
agitation,224
perished,32
kindling,16
suffice,16
alighted,32
replacement,72
ardour,208
resolve,16
porter,16
bones,16
possessing,16
dense,16
either,128
preserver,16
1f3,72
assassin,32
horrors,96
yearned,16
higher,80
looked,456
weddingnight,80
tavernier,16
elapsed,112
conjure,64
increase,96
pillow,16
russia,32
tormented,80
interference,16
requires,80
telescopes,16
range,16
clasped,16
grand,64
heavily,48
know,776
fiendi,16
salubrious,16
creature,648
amazed,16
tyrant,16
dreaming,16
expense,16
trifling,32
mock,64
streams,48
previous,80
kept,64
revolved,80
spot,320
fee,128
direct,128
môle,16
rudder,32
cloudy,32
injuries,32
everlasting,80
therefor,16
cape,16
live,400
veins,64
tidings,32
worthy,80
maximum,16
becomes,32
not,7088
benevolent,224
grant,48
abandon,32
impediment,16
disk,48
looks,144
important,32
anywhere,32
excessive,48
infatuation,16
sweeter,16
science,400
ordinary,32
kid,16
reverse,32
charms,16
associated,160
cologne,16
tormentor,16
mourning,64
partly,128
unbounded,48
aware,16
materials,104
prosperity,32
efface,16
thirsting,16
foot,80
sincerity,16
midst,48
due,48
palpitated,16
upright,32
lips,272
nicer,16
esteemed,32
tracing,16
neglected,112
periodically,16
trance,16
vagrants,16
blinded,32
kneel,32
needle,16
preside,16
dreadful,184
educational,16
conjecture,64
proceeding,32
under,472
types,16
dispel,32
enslaved,16
exertions,80
extract,16
equally,64
grasping,16
philosophers,96
humid,16
lest,88
physiology,16
prejudice,32
embarkation,32
achieve,16
compassionate,16
fatigue,192
vanish,64
procured,128
above,208
sombre,16
child,488
candour,32
restrictions,32
limit,32
mary,32
despondent,16
attitude,32
love,904
ameliorate,16
ground,408
terminated,16
complex,16
intervals,48
howl,16
fangs,16
guitar,64
resources,32
cake,16
aversion,16
triumph,96
ensuring,16
confessed,88
shrank,16
book,64
orkneys,16
delay,120
chill,48
besieged,16
enabled,80
2d,16
appalling,80
griefs,16
weigh,16
devoured,16
9,32
muscle,32
height,64
such,1384
daydreams,32
greedily,32
casualties,16
vessels,48
glad,80
declaration,16
adoration,16
or,3344
happy,704
sickened,80
lightnings,16
noisome,16
points,16
fiendlike,16
slightest,48
unwearied,16
de,168
needed,16
glided,16
our,1712
truth,200
father,1688
wreak,48
physical,80
retired,264
mutilated,16
overflowing,32
depended,64
medicines,16
better,192
entitled,16
emotions,128
blight,32
hard,160
deprives,16
shores,80
change,448
mystery,48
crimes,208
oblige,16
ascertaining,16
warbling,16
benefactor,48
produce,96
claims,16
describegigantic,16
property,96
determined,288
sufficient,320
possession,144
alluded,16
mole,16
image,80
stopping,16
say,352
consequently,32
elizabeths,64
rendezvous,16
else,24
gait,16
orphan,48
unnatural,48
crowding,16
employees,16
bedroom,16
mildness,48
flashes,24
endeavours,112
annoyed,16
taught,112
different,304
heaving,16
hardly,432
moulded,32
compassionated,16
snows,48
word,216
vivid,48
life,1736
linked,32
suit,16
triumphantly,16
lycurgus,16
america,48
promising,16
exposing,16
face,312
destination,32
forehead,16
bitterest,48
wretched,384
inconvenience,16
souls,32
draw,112
desolate,128
island,80
race,88
acquitted,32
freedom,48
supplied,32
abyss,16
ardent,160
expedition,64
accounts,48
concluded,64
fate,264
bespoke,16
methods,32
hapless,32
cry,32
decorations,16
passing,128
floundering,16
northerly,16
roaming,16
seasons,48
hidden,32
pacing,16
playmate,32
section,112
comment,16
inaccessible,64
references,32
sounds,224
fervently,16
confided,16
derive,48
sounding,16
roarings,32
brother,336
exert,48
lecture,72
department,16
chance,96
delightful,64
contract,16
gaolers,16
found,1296
uncertain,48
greenland,16
demands,16
manifested,32
pack,16
magnificence,32
fruitless,16
starlight,16
insight,16
views,48
mien,32
repeated,48
pleased,120
delirium,96
turkish,32
enterprise,152
hoping,32
divinest,16
solicited,32
comprehended,16
forty,16
wicked,32
ceased,168
chapter,584
hurt,16
conversed,48
right,240
arveiron,16
disclaimer,40
increasing,32
do,1856
familiar,128
reflected,240
inquired,80
begged,16
trace,144
blameless,16
interview,32
secretly,16
beam,16
exquisite,80
meeting,80
brothertears,16
land,272
silence,224
order,64
perplexed,32
cramped,16
penury,32
introducing,16
precious,48
grey,32
blessed,88
revenue,16
habitation,80
east,32
looking,144
shocking,16
neat,32
despair,752
spoken,48
shuddering,48
awayyou,16
strenuously,16
cottagerstheir,16
successfully,16
steadily,16
enslave,16
growth,32
motions,48
sty,24
incomplete,48
harder,16
wisest,16
select,16
emulate,16
wwwgutenbergorgcontact,16
ingratitude,48
hundredth,16
s,16
debasing,16
searching,16
fulfil,112
bosom,144
northeast,32
which,7296
vowed,32
overlook,32
wreaths,16
subsistence,16
ravine,48
dôme,16
distribute,88
proceedings,16
presumption,48
tranquillity,216
observing,48
comparable,16
remainsrevenge,16
express,160
see,808
wherefore,48
desire,440
dogmatism,16
stretched,128
recompensing,16
relinquish,16
kill,32
exhaustion,48
shroud,16
pore,16
packet,16
trademark,160
upon,1880
mildly,16
sentiment,64
multiplied,16
temper,96
thin,64
unconscious,32
be,4888
burst,128
beaming,32
ascent,48
recognise,16
beings,344
low,88
observe,80
achievements,16
formation,16
chivalrous,16
interests,32
perceptions,16
gospel,16
wholesome,16
approbation,32
rush,32
victorious,16
vehement,16
deed,80
lines,48
spend,88
philosopher,32
swelled,48
gloomy,152
fruitlessly,16
castles,56
operations,64
rosy,16
affability,16
kirwin,184
1f1,16
included,64
varied,32
blooming,64
acti,16
desolated,32
bought,48
uncontrollable,32
braided,16
afraid,16
disturb,96
keep,112
desires,80
requisite,16
evermoving,16
covers,16
occasioned,32
safety,152
wearing,16
flows,16
fade,16
soul,568
tamer,16
confirmation,32
lighthearted,16
horses,48
traverse,32
slaughter,16
splendour,16
diabolically,16
pglaf,16
gestures,48
31st,16
solitudes,16
dominion,16
certainty,80
streets,96
instructing,16
poetry,32
lawless,16
enraged,32
oblivion,32
preliminary,16
period,256
haste,16
waterspout,16
lowest,32
littleness,16
describe,216
signal,32
rambling,32
adapt,16
disguise,16
gardener,16
sixteen,16
delighthis,16
bounding,32
fire,360
hall,16
reign,16
wrote,64
diligences,16
enchantment,16
troubled,112
dying,80
serpent,16
yourself,432
blotted,16
laborious,48
boast,48
wretchthe,16
false,80
advanced,200
callous,16
appeared,856
degrees,192
welfare,32
seemed,544
paying,56
rise,160
revolt,16
groundwork,16
halffinished,16
ease,48
recommended,16
blackest,16
denied,16
bolt,32
vessel,256
sharing,16
pulpit,16
hushed,32
limbs,192
unformed,16
trials,16
treatment,80
inevitable,16
agony,416
edinburgh,56
recovered,224
expected,184
bears,32
consummated,16
heroism,32
onwards,16
fearless,16
europe,32
words,808
pretension,16
became,928
step,112
revolution,32
convulsed,16
fiends,32
changes,48
await,32
testimonies,16
render,160
barbarity,32
retrod,16
wrung,16
passion,272
musty,16
frementi,16
mechanical,16
known,160
undertaking,208
seriousness,16
bounded,48
sciences,16
bourne,16
strongly,120
clemency,16
aerial,32
canopied,16
travels,64
o,48
possessed,592
generally,80
sights,80
protected,72
emergencies,16
falling,32
protectors,192
desperation,16
abstained,16
wallet,16
imperatively,16
began,424
pulse,48
quick,128
rays,48
bleak,64
seen,304
exulting,16
wretch,384
charging,16
conduct,128
level,16
class,16
youhe,16
imperious,16
necessary,288
beauties,48
caroline,48
employee,16
execrated,16
sit,32
solicit,32
26th,16
loaf,32
descent,64
earnestness,48
exasperated,32
float,16
divinely,16
station,32
weight,112
ravish,16
heroic,32
notwithstanding,96
depths,16
lead,112
acceptance,16
sufficiency,16
opinion,48
using,104
discrimination,16
monuments,16
little,864
summit,128
convenience,32
archfiend,16
suffer,176
winter,200
endeavour,184
toilsone,16
60,16
rhone,32
shrieked,48
lieu,24
precisely,16
neighbouring,64
mornings,32
milan,32
shook,16
plains,48
begun,32
convalescence,48
handwriting,32
saviour,16
raising,16
he,6880
carriages,16
warranty,24
ridges,16
governing,16
presenting,16
gruff,16
ranging,16
dwellingplaces,16
date,96
doorled,16
process,32
enjoys,32
playfellows,16
loaded,32
depends,16
mile,32
watched,64
conduce,16
thence,48
pleases,16
dusk,16
retreats,16
fan,16
instructor,16
pointing,32
expend,16
fierceness,16
discover,272
caprices,16
instructed,32
scene,688
threatening,16
leisure,80
enchanted,32
street,48
apparatus,48
strive,16
playfellow,16
wearied,16
dome,16
walls,64
ingolstadt,256
accused,112
comforter,32
possibility,48
merchantman,16
assemblages,16
pittance,48
arrange,32
many,1056
effusions,16
quite,64
cheek,96
antipathy,16
explain,64
possibly,48
persevere,16
altered,96
briefly,32
desperate,16
mysterious,48
knows,96
extracting,16
demoniacal,48
includes,32
laughed,16
perfect,80
realise,32
impress,32
impervious,16
illustrious,32
truest,16
physiognomy,32
15,32
fight,16
sullen,32
intuitive,16
breakfast,72
oatmeal,16
calmer,48
worldlyminded,16
accidentally,16
gesticulations,16
humankind,32
selfsacrifice,16
animated,112
stop,16
furtherance,16
author,96
writhed,32
creatorhas,16
behalf,16
peculiarly,80
july,48
opportunity,96
victim,256
darkened,48
mercy,16
fall,160
figure,152
received,320
heatless,16
the,40640
immortal,16
rests,48
leaning,80
wiped,16
delicious,16
coldness,16
infirmities,16
dirge,16
silken,16
visitor,16
sweetness,48
extricate,16
soaring,32
corpse,152
satisfied,184
montalègre,16
living,144
cot,16
imparted,16
inquisitiveness,16
although,824
embark,16
draught,32
liberally,16
panic,16
future,328
acceded,16
dated,48
singular,48
enthusiastic,64
agitated,104
suppose,104
sincerely,128
attends,16
unequal,16
distance,240
protraction,16
repentant,16
casement,16
forbid,32
inspire,56
gentle,528
trial,160
pines,48
fastidious,16
kicked,16
purposes,48
liable,32
smothered,16
ones,16
emergency,16
kindly,48
securing,16
uninterested,16
displays,16
blessingwhat,16
demanded,64
damage,32
pages,16
diffidence,16
uninteresting,16
enable,48
worn,48
books,184
choice,48
consisted,64
virus,16
omitted,48
obdurate,16
childhood,80
disappointment,112
destined,72
advancing,64
immured,32
hair,128
copied,32
pool,32
alpine,32
angelic,48
locking,16
lament,56
physician,32
chattered,32
examining,48
thousand,408
impulse,80
analysing,16
self,64
ignominious,16
guardians,16
escapes,16
vicar,16
saddest,16
mean,176
lids,16
during,1024
images,64
convinced,136
permit,80
disappointed,48
wealth,112
happen,32
threat,104
endless,32
permanent,16
michael,16
articulate,32
prognosticate,16
dependent,32
cheerfully,48
pains,80
fortify,16
retain,16
grate,16
bedside,16
madame,64
magnitude,16
incipient,16
too,472
education,96
andrews,16
brides,16
listen,168
lyons,16
borne,96
mysteries,32
quivering,16
kindthey,16
disquisitions,16
maladie,16
compilation,16
happily,32
talking,32
requested,32
newton,16
forest,80
acuteness,16
tapped,32
barricade,16
riches,16
progress,296
scarcely,208
conjectured,112
shoulders,16
benevolently,16
listlesslyi,16
ties,80
actually,32
subjects,80
previously,48
halfpainful,16
alphonse,16
guided,80
directed,208
catalogue,16
fluctuating,32
magnificent,128
belief,48
wept,256
enkindled,16
drag,16
lichen,16
ghastly,48
distrusted,16
inclined,32
heartily,16
flower,16
deem,16
multifarious,16
piny,32
edges,16
unwilling,64
shared,48
nurse,136
avenue,16
solid,16
pathways,16
clay,16
buildings,16
seeing,128
waters,176
knowing,64
smoothed,16
solve,32
load,48
fulfilled,112
peaceful,112
insolent,16
wrestle,16
execrate,16
contributes,16
burdened,16
indecent,16
consequential,16
grievously,16
blankets,16
victorone,16
interfere,48
situated,80
slept,128
renders,64
superiors,16
am,1696
disturbed,128
harmless,96
tended,16
vexations,16
surgeon,16
retribution,16
huge,32
selfdeceit,16
preceding,96
baffled,32
core,16
perish,96
thy,216
abortive,16
phenomena,32
presently,224
hidingplace,64
soldier,16
heavens,248
cloudsthey,16
servox,32
fervent,32
republican,16
surefooted,16
recover,32
large,128
thursday,16
strength,240
came,640
mine,432
introduce,16
rational,32
perdition,16
origin,64
fail,112
narrower,16
dragging,16
concede,16
illustrated,16
prepossess,16
greatly,192
inherited,32
warmest,32
gross,16
papers,112
hold,128
heavy,80
fly,112
glimmer,32
generous,96
mirrored,16
fatally,16
ravines,16
efforts,48
reminds,32
crush,64
dimming,16
anything,120
hasty,32
skirted,16
detail,128
story,208
husband,32
ascend,80
remind,48
deaths,40
promise,352
hope,768
tenets,16
unspeakable,32
sunlight,16
anguish,384
dn,16
required,112
contumely,16
ignorant,160
hand,408
equalled,32
secret,192
colour,48
magnet,16
unprotected,48
grown,16
cause,528
malicious,16
opposing,16
saved,112
journeying,32
como,32
siroc,16
gentleness,160
summoned,16
formats,16
downcast,16
absolute,16
awoke,240
friendless,32
wert,24
maddening,32
depravity,16
falsely,16
whirled,16
burnt,48
distress,48
tools,48
recompense,32
rang,80
when,4528
aspirations,16
herbage,32
countless,16
admittance,16
situations,48
swimming,16
she,2768
sole,48
harbour,48
marvellous,40
recess,48
steeple,48
absolutely,32
oars,32
reassured,16
supreme,32
miracle,16
archive,176
crawled,16
salt,16
campagne,16
shepherd,16
rock,128
warm,144
enjoyment,144
astonished,48
attach,16
fog,16
seize,80
provide,128
slow,112
train,96
execute,48
balanced,32
faulty,16
innocent,296
depend,32
wonder,328
mourner,16
waking,16
disciple,48
untamed,16
postponed,32
consumption,32
empty,32
alchemists,32
tempest,64
doing,128
meditate,32
total,16
sport,48
allied,16
repressed,16
himself,568
adorns,16
carelessly,32
loathing,80
implements,16
shortened,16
tapers,16
squat,16
truthdo,16
relapses,16
recesses,48
retrospect,16
showers,16
scotland,80
cracked,40
convert,16
valley,120
dismal,16
affording,48
crushed,16
passionremembering,16
fond,96
female,80
wounded,16
offer,64
thee,128
plainpalais,48
stealth,16
wherever,32
depraved,32
nay,96
discipline,16
contradictory,16
momentary,32
eternity,16
leaving,64
dangerous,80
painfully,16
measures,32
narrowminded,16
your,3200
remotest,16
groans,80
complying,48
feared,200
thrill,32
redistributing,32
triumphed,32
earnest,48
addition,16
moderate,64
attracts,16
temperature,32
paid,184
hereafter,32
disorder,32
anxious,80
glut,32
maintaining,16
greeting,16
menaced,32
frowns,16
inspecting,16
constrained,16
astonishing,128
project,1032
perceptible,16
murders,16
rate,16
lamb,16
pronounced,80
proprietary,16
ignoble,16
clings,48
abhorrent,16
wholly,48
moritz,96
monstrous,40
alleviated,16
amassed,16
prison,200
drunken,16
wine,16
meandering,16
reserve,32
question,128
digging,16
swept,48
rendered,288
associate,32
placid,96
reluctant,16
holder,48
being,1440
decides,16
traces,32
tower,16
contemplation,16
conceive,160
reflecting,16
allusion,32
pearly,16
worth,80
both,144
consumed,64
birth,128
repaired,32
alighting,16
unborrowd,16
measure,48
inciting,16
dropped,16
aggravation,16
dungeon,80
fanned,32
debarred,16
others,424
league,72
glowing,16
clear,176
fatal,128
magic,32
hate,136
geography,32
openly,16
rw,16
croaking,16
obsolete,16
recording,48
sprung,32
space,48
sail,72
relations,64
collection,56
aspire,16
victortomorrow,16
rowing,32
last,520
countenances,144
stately,32
compensated,32
marked,160
anatomy,16
fishingboat,16
pale,96
reply,64
depth,16
writing,96
palpitation,16
painters,16
registered,32
surprise,144
machines,16
i,27624
mankind,176
wasting,16
corrupt,16
commercial,16
need,144
supposed,160
kindliness,16
imprecations,16
exceedingly,32
deprived,176
remote,48
natures,32
protector,16
utility,48
persuade,160
cracking,16
voyages,56
established,16
mode,80
belongs,16
crew,16
honest,16
employed,192
evening,184
kinsman,16
tutored,16
prevented,32
assistants,16
infinity,16
sooner,64
unvisited,16
superfluous,16
says,16
money,176
portion,112
long,728
tears,480
bent,144
sorry,48
symptoms,48
detestation,48
protectress,16
devoted,208
adventurous,24
besought,16
regards,16
furs,16
prejudiced,32
18th,32
females,16
forgo,16
obtaining,80
burden,64
reduced,48
view,232
satisfy,112
lamentations,16
thriceaccursed,16
sacrifice,64
ignominy,64
conveniently,16
quiet,48
surprised,208
meanly,16
contortions,16
savage,48
intelligence,48
dash,32
dear,1096
stole,64
inform,48
issuing,16
sustain,96
distraction,16
dimples,16
passionately,16
irritability,16
saying,64
fills,72
employments,16
appeals,16
sands,16
despaired,16
spectre,48
bookkeeping,16
steady,32
whine,16
meant,16
acted,64
reigned,16
holy,16
creation,296
abbey,16
peasants,104
susceptible,32
missile,16
pretend,48
heavenlyif,16
niche,16
dressed,80
eldest,32
thick,112
classes,16
stores,16
belonged,64
fully,48
festering,16
separation,16
spires,16
secrets,72
task,296
similarity,16
perpendicularity,16
italyone,16
circle,32
sensibilities,16
joyimparting,16
hospitality,16
instantly,256
fidelity,16
clean,32
bear,96
swiss,64
valais,16
try,64
verge,16
impetuous,16
gladly,16
clearly,48
trembled,176
elevated,96
journey,552
accident,96
destiny,192
writings,16
pretty,88
commiserate,16
audible,32
exhortations,32
decisive,32
importance,16
stage,16
immoderate,16
all,3096
st,80
disgusting,16
preceptors,16
gladness,48
composes,16
apartment,136
everybody,48
grave,96
spoke,368
cool,32
thrush,32
centred,16
rule,40
discerned,16
ball,16
antiquity,16
dragged,32
related,176
justine,752
sudden,128
lectures,48
shout,24
nonsense,16
esteem,48
holding,16
suppress,32
harvest,16
stretch,16
have,4832
abrupt,16
declared,48
confused,80
witnessed,16
expectations,16
scaffold,48
died,368
seated,64
wild,192
rent,56
idle,48
leaped,16
knowledge,520
brandy,16
turk,160
sorrowing,16
pulses,16
philosophy,216
outrages,16
relate,144
visitings,16
accomplishment,16
feeling,432
sunset,32
conclusions,48
traveller,64
visible,96
superhuman,16
swell,16
south,96
discharge,16
surrounded,288
wrongfully,16
balmy,16
exertion,128
just,296
arise,96
falsehood,48
ears,128
conjectures,16
occupations,192
unrelaxed,16
testify,16
comparative,16
ability,32
glaring,16
deathlike,16
injurer,16
echoed,16
picturesque,48
much,680
fifth,16
energies,16
everyday,16
cursed,136
comprised,16
slaughterhouse,16
unplastered,16
compliance,64
lighter,32
theseus,16
one,2888
within,552
splintered,16
realities,16
mark,96
surround,64
era,16
la,16
reposed,32
rejected,32
went,304
peaceably,16
raise,96
excluded,32
shone,160
two,592
discovering,48
instinct,16
meed,16
merciless,16
vanquished,16
helped,16
loathed,48
deep,272
boys,16
once,480
geneva,544
smiling,48
degradation,48
widow,32
paradisiacal,16
citadel,16
enjoying,32
fearful,144
favour,96
teased,16
entity,40
chimera,16
web,16
gloom,160
speaks,32
lausanne,16
outcast,48
crags,16
distinction,48
struck,144
5000,16
accurate,16
star,16
minutes,128
port,16
basket,40
havredegrace,16
proofread,16
existence,480
vigorous,16
moonlight,16
played,96
prized,16
objects,184
madman,48
announce,32
enjoyed,200
conductors,16
pandæmonium,16
strong,112
lion,16
bare,112
does,256
lean,32
overwhelming,64
fibre,16
dispositions,112
brethren,16
then,1608
throw,64
creates,16
ascended,64
friendship,112
disturbs,16
colleges,16
food,408
counsellors,16
obstacles,16
laws,272
clervalall,16
reechoed,16
deformity,128
assures,16
temples,16
heat,112
renounce,16
leeuw,16
recall,16
gratifying,16
john,16
engagement,32
sixth,16
listless,32
lightning,64
suffocated,32
agonising,32
widest,32
peru,16
fled,184
curling,32
averred,16
bridge,16
elevate,16
speaker,16
judged,48
even,1440
monster,488
friendhis,16
unceasing,16
buy,16
guessed,32
seas,96
learn,160
expectation,96
straw,128
landsledge,16
clothing,16
network,16
scarlet,16
fingers,80
obscure,128
firesides,16
soothed,80
accumulated,64
radiant,48
gallant,32
chêne,16
transport,16
schiavi,16
prey,96
punishment,64
countries,64
bird,16
terms,416
forgetfulness,48
unmingled,48
vengeance,328
dizzy,32
faces,96
exploded,48
active,80
beauforts,16
gushed,32
courage,280
connected,104
impend,16
principally,48
beg,32
held,120
accuses,16
switzerland,160
cost,48
reported,32
rome,16
commanded,32
modern,224
will,2616
22,32
operation,32
inconveniences,16
limitation,32
gibe,16
waved,32
repast,16
dominions,16
somewhat,80
inclinations,32
page,64
agree,136
entranced,16
christy,16
like,912
serious,48
effort,96
their,2472
roll,16
attending,64
ireland,48
1e1,80
pig,16
blackbird,16
corrected,16
cottagers,352
felt,1208
relinquishing,16
acquired,48
fixing,48
brows,16
interval,64
preferred,16
consummate,32
overpowered,16
grecians,16
curious,16
involuntarily,32
subscribed,16
statements,16
union,232
scared,32
obscured,32
on,6280
approve,32
closed,112
induced,112
omnipotence,16
brightly,16
miraculous,32
thrust,32
immutable,48
pentland,16
willowy,16
frenchwoman,16
globe,32
abhorrence,88
joints,32
particulars,48
version,32
lesson,32
northward,16
spanish,16
horseback,32
remedy,16
murmur,48
inexpressible,32
sandy,16
torments,48
virtuous,56
defiance,16
tones,48
considerateness,16
threatened,72
inheritance,16
public,128
thisi,16
winding,16
sportiveness,16
payments,40
801,16
split,32
incredulous,32
william,376
narrated,16
resolving,56
wrecked,32
dreadfully,48
define,16
rely,64
hailed,64
proper,32
sexes,16
cord,16
diversity,16
peculiar,48
unlawful,16
britain,32
enjoy,144
women,64
boundaries,32
jury,16
buried,16
curtain,16
overspread,16
pacific,16
publicly,32
sometimes,856
springs,16
original,48
doomed,96
where,1280
chemists,16
gazing,64
would,2504
resentment,16
romance,16
bonds,48
causation,16
farmhouse,16
thinks,16
continually,288
computers,24
federal,24
push,16
remembered,208
conceived,192
rival,16
adored,48
whether,240
dialogue,16
labourthe,16
dedicated,32
permission,144
watery,32
earth,536
aiguilles,16
ignorantly,16
abortion,16
healed,16
wall,16
common,80
door,352
according,48
subdue,16
woeful,32
purpose,304
located,96
confession,16
base,88
often,832
agatha,312
issue,32
characteristically,16
bounty,16
hanging,112
lighted,80
realised,16
small,264
frequently,80
embittered,16
roughly,16
pausing,16
access,192
profundity,16
practical,48
concealed,96
parties,16
sea,480
already,504
toils,112
composing,16
rather,416
piece,32
colours,32
breakers,16
charm,48
fortunes,16
hundredfold,16
implores,16
manoir,24
energy,16
yesternights,16
lie,72
perceptibly,16
west,48
relative,32
enemyto,16
sparkled,48
tenderness,64
irreproachable,16
extremity,32
conviction,96
peasant,64
moral,48
quitted,352
henry,392
nuts,32
spectacle,16
demeanour,48
boat,232
exotic,16
transmit,16
oar,24
death,1120
limb,40
greatest,424
minuteness,16
repaid,32
learned,280
vigilance,16
collecting,80
designs,16
aspect,112
cried,240
gall,32
renovating,16
torches,16
lacey,136
concern,16
shelter,64
unable,336
dictated,16
excite,48
development,16
college,48
benignity,32
peace,488
fitting,16
unsupported,16
unperceived,32
lakes,80
vaults,16
pulling,16
contention,16
listener,16
rescued,16
allurements,16
exchanged,64
throat,48
exasperate,16
fine,96
repairing,16
strife,16
owe,48
indications,16
seating,16
eminently,16
pursuing,64
habit,32
walked,248
languid,32
whatsoever,48
concealing,32
dust,64
imprudently,16
escaped,112
endangered,16
guards,16
searoom,16
personal,32
liability,40
comfortless,16
mixture,64
wars,16
waiting,32
generation,32
provisions,32
surprising,32
her,3848
young,416
folly,32
mental,32
rugged,64
inglorious,16
afford,160
19,32
shining,32
myself,1968
stated,16
countryman,32
pitchy,16
mass,16
wiliness,16
notice,128
parted,16
coach,16
rifts,16
beast,48
assurance,16
destroy,344
fibres,16
outhouse,16
unlimited,16
statement,16
refused,48
society,240
universal,16
rustic,64
anxiety,128
uttering,32
havoc,16
effect,136
unearthly,48
principle,32
warring,16
wheel,16
may,1536
defective,40
chinks,16
84116,16
tortured,64
engaging,32
gloried,16
ii,16
vale,16
despise,32
narrations,16
navigators,32
chief,80
accidents,80
southwards,48
binary,16
report,32
unfashioned,16
next,200
wandered,224
asserted,16
cordial,16
regarded,96
sinks,32
inuring,16
shipping,16
fraught,16
detested,80
neater,16
inapplicable,16
cannot,768
alteration,96
burned,48
displaying,80
dictate,32
liberal,16
trickle,16
implied,32
failure,48
pleasing,16
futile,16
calculating,16
receiving,80
gradually,96
alleged,16
services,48
friend,1032
infallible,16
performances,16
justice,192
restingplace,16
february,16
repeat,16
inmate,16
eve,16
competent,16
gazes,16
ruggedness,16
uneven,16
unutterable,16
marketwoman,32
proportion,64
loose,128
example,32
steep,16
airs,48
eradicating,16
students,32
flushed,32
contemplate,64
bid,32
snow,232
ecstatic,16
persuasions,32
drew,312
linen,16
feint,16
returning,160
tread,48
purest,16
concerning,408
innumerable,80
renewed,96
overlooks,16
lulled,32
professions,16
easily,296
palpable,16
herself,216
closing,16
song,16
language,312
sophisms,16
restrained,64
peaks,32
rouse,32
insurance,16
downloading,16
inflicted,48
termination,16
wounds,48
match,16
mood,32
injunction,16
ago,112
mould,16
orb,32
week,120
interrupted,96
talks,16
sincerest,16
over,840
outward,48
mediterranean,32
teach,16
repeating,16
sympathise,64
beaten,32
highly,64
additions,16
selfishness,64
heed,16
outside,48
beneficence,16
uncles,16
convulsions,16
social,16
creator,296
miles,96
astounding,16
analysis,16
demand,176
fretting,16
equals,32
selfcontrol,16
apple,16
answers,16
critical,32
brightness,32
reasonably,32
frogs,16
compensate,16
dismissing,16
boats,32
purchase,16
combat,32
also,1024
wildness,48
compared,32
disunion,16
attempt,160
arrival,128
curses,16
almost,616
character,112
apprehensions,32
exhibited,128
make,600
golden,16
guessing,16
companion,480
trampled,16
gather,32
westmorland,32
great,784
convent,16
deplored,32
apprehended,16
mortal,112
strewed,32
organization,16
incantations,16
well,672
paroxysms,16
find,360
accuracy,32
luxuries,16
forth,424
junior,16
so,2896
haunted,96
touched,80
glimmering,16
electronically,24
drawer,16
erect,16
eight,48
dealing,16
waste,64
smitten,16
history,304
flame,16
vegetables,48
sensitiveness,32
intercepted,16
shame,16
docile,32
rivers,80
moderation,32
venerable,64
sailors,144
amounted,32
months,600
for,6904
guarded,32
formidable,16
it,7216
playing,48
impertinent,16
licked,16
awaiting,16
blow,64
elevates,32
cabinwindow,16
tried,224
eulogy,16
takes,32
instructions,48
bloodshed,16
exult,16
funeral,64
list,48
fursa,16
serviceable,16
arthurs,16
stings,16
escape,136
vainly,64
whalefishers,16
penniless,16
immensity,16
returns,48
sending,32
mechanics,16
vital,16
instants,16
desert,160
showed,112
poured,80
revenge,344
timorous,16
1,104
missed,16
explaining,16
ah,112
relief,64
mainz,24
lashes,32
brain,16
broke,80
7th,48
impassable,16
deeds,32
chilled,32
joined,96
profane,16
refund,128
encomiums,16
famine,32
something,272
radiance,32
unsatisfactory,16
travelling,16
suicide,16
fancy,176
foe,48
strengthened,16
trained,16
deepest,32
finest,16
blew,16
deeply,320
external,16
until,816
carelessness,48
signs,80
rouses,16
unrestrained,32
forgotten,64
stamp,16
transmuted,16
greater,352
shakespeare,16
convulsive,16
synonymous,16
appearing,32
minutest,16
name,256
selfish,64
dried,48
exile,80
presentiment,32
figures,16
dwelt,32
wearily,16
reports,16
brotherinlaw,16
repose,160
coarsest,16
rising,128
ragged,32
hunt,16
seeking,32
originator,16
court,152
treacherous,16
childish,64
assailed,16
daylight,16
wiping,16
delightso,16
1500,16
interfered,16
1d,16
exhilarated,16
darling,80
awaken,32
lost,520
believing,32
stock,48
indecision,16
derange,16
requirements,56
uniform,64
arduous,16
liveswear,16
hastily,80
satiated,48
mentioning,32
kinds,32
ancestors,16
drivest,16
accordingly,176
family,480
swear,104
injure,32
fame,16
therefore,592
good,592
fishing,40
persevering,16
rewarded,32
selftaught,16
air,416
speed,112
scents,32
mutability,16
finds,16
prognosticated,16
secluded,48
dates,16
overwhelmed,80
middle,32
down,544
relied,48
cloud,144
here,520
shudder,64
waterfalls,16
refusing,16
occasion,160
perpetrate,16
breezes,32
fateenounced,16
windsor,32
progeny,16
doubly,16
vanished,96
homeward,16
dispute,16
decline,64
danced,16
valued,48
approach,176
deformed,48
insupportable,48
removal,16
extort,16
instant,208
toil,112
restless,64
leader,16
enters,16
disinterested,16
sledge,176
banker,16
followed,336
design,96
laughter,56
choked,16
mutable,32
continuation,16
omnipotent,48
perth,48
scorn,48
bidding,16
chosen,96
conversation,288
hovels,16
exception,32
household,16
remain,352
inexorable,48
dirt,16
poet,16
caprice,16
safie,344
withstand,32
lastly,16
sufferings,224
again,1264
resignation,32
london,120
regarding,48
sorrow,240
intellectual,48
cows,16
simple,112
prevail,32
slough,16
lights,32
term,16
dangers,80
conversations,32
pest,16
intend,96
near,592
endurance,16
postpone,16
who,2560
diffident,16
affluence,16
infliction,16
intimidated,16
poor,640
did,1752
cousins,16
travel,64
everything,96
undeceiving,16
mounted,32
bright,112
amuse,32
smoke,16
scream,56
conscious,48
dedicate,16
wished,304
require,32
mightier,16
henrythey,16
sinned,16
confidential,16
daring,16
attempted,144
pattered,16
properties,16
allude,48
foretaste,16
submit,16
dearer,80
online,64
eradicated,16
extremities,16
hence,16
respite,64
viewed,80
woolwich,16
pyramids,16
addressed,208
hail,16
wait,64
charming,16
waited,128
modified,32
smile,144
discoverers,16
handsome,16
speculation,16
squalid,32
only,1880
babes,16
bewildered,64
concealment,16
intention,48
smiles,240
quarter,16
outlines,16
dew,16
omnipotenceand,16
ultimately,32
kissed,72
incoherent,32
changed,152
amiable,224
fired,48
farm,16
purposea,16
selected,48
secure,128
memy,16
potent,16
wind,384
late,96
reception,48
semblance,16
lessening,16
pretended,16
dinner,16
bedo,16
eventful,16
discernment,16
slavery,64
tilbury,16
perfection,16
expanded,32
placed,416
consumes,16
blessing,48
trade,32
dissipate,96
inanimate,64
thyself,16
greatness,16
disregard,16
falkland,16
religions,16
coupar,16
day,1192
determination,128
habitations,32
give,384
student,32
guile,16
casting,16
lofty,64
slackened,16
merits,48
frankensteinhe,16
sparrow,16
uncouth,48
population,16
employment,96
enemy,352
doth,24
merchants,32
receipt,32
exploit,16
augury,16
mention,64
grieve,16
mountaineers,16
weeks,96
absolution,16
mathematics,48
could,2872
sympathy,296
outstript,16
impracticability,16
inquiring,16
obstacle,16
2022,16
whatever,32
letter,480
night,1272
attended,144
miss,16
film,32
momentarily,32
flesh,64
sunk,144
status,64
interruption,16
cloudless,64
thank,128
drunk,32
contact,40
cares,80
bustle,16
squalidness,32
valuable,48
knightly,16
catching,16
agents,16
plain,104
omit,16
lynn,16
unlocked,16
completely,32
instructors,16
four,64
cæsar,16
noisy,16
hadst,16
relates,48
channel,16
maintained,16
nought,48
presence,216
climbing,16
postroad,16
songs,48
poets,64
further,48
chimeras,16
preparing,64
interpretation,32
omen,16
scent,32
grace,32
robert,16
adversity,32
luxuriances,16
articles,16
germans,16
preservation,32
guide,96
studying,32
coward,16
boy,88
recorded,48
damaged,16
werter,56
present,472
they,2720
disconsolate,48
alarmed,96
offered,32
facility,32
edition,16
guest,128
tell,176
threaten,16
arthur,16
everthat,16
starting,16
tumultuous,48
deserving,48
repulses,16
sighed,16
ay,40
muhammad,16
blood,304
commission,32
intonations,16
lawgivers,16
negligently,16
animals,64
flourishing,32
moments,264
been,2720
observer,16
emigration,16
probably,80
attacks,16
alleging,32
backs,16
referred,16
quitting,48
rotterdam,32
stayed,32
lifethe,16
contented,80
fragment,32
buffeted,16
reasonable,32
data,16
called,416
exempt,48
opaque,16
despite,32
touch,16
remissness,16
eluded,64
terribly,32
ein,16
embosomed,16
itthus,16
entrancingly,16
announced,16
trod,16
feels,32
tremulous,16
invincible,48
darkeyed,16
uttered,144
celebrated,32
cheeks,112
strangers,80
mountainous,16
danger,184
persuasive,16
performs,16
worm,56
candle,16
fancies,32
politics,16
solicitude,16
devil,160
congenial,16
mournful,72
personally,32
console,112
sink,112
companionship,32
shock,64
5961887,16
southern,48
fact,64
famed,16
prevailed,32
willingly,64
calamity,16
margaret,160
steeples,16
conclude,16
astounded,16
glorious,80
beautiful,432
embarked,16
mockery,96
scattered,64
obedience,16
enticement,16
consecrate,32
shutters,32
sacrilege,48
indicated,16
standing,48
detrimental,16
internal,48
imitation,32
banish,48
safeand,32
withdrew,32
endow,16
children,288
immeasurably,16
animating,16
gratitude,128
amused,16
application,112
combustibles,16
11,32
animate,32
lifeless,144
untrodden,16
italian,32
memorable,32
bring,48
ruled,32
officer,16
confidence,64
abode,96
retard,16
indignation,112
powers,224
shake,64
ardently,160
quelling,16
clump,16
welland,16
malignity,112
denial,16
mortals,16
swelling,48
victory,16
godlike,48
devils,48
calmed,64
allowed,312
fortunate,112
twentyeight,16
unfeeling,48
deathbed,16
parents,168
opening,32
shrivelled,16
intoxicating,16
brotherly,16
disposed,32
misty,16
want,176
rubbed,16
desolating,16
numa,16
frosts,16
unsocial,16
entreated,96
prophesied,16
bedchamber,16
hearer,16
advocate,16
neverfailing,16
turnkeys,32
resolutions,32
incidents,96
code,16
injured,16
dormant,16
tolerable,16
favourable,112
fancied,16
eat,64
festival,16
countrymen,16
possess,80
starry,16
deadly,96
adequate,32
teachers,16
consequences,64
russian,16
dim,48
cursory,48
charge,216
admission,16
redeem,32
pensive,16
general,144
expressed,408
busier,16
brought,440
exclusion,16
criminality,16
wan,16
map,16
plank,16
expostulate,16
forked,16
loveliness,64
fashioned,32
holds,16
cornelius,88
seldom,96
apprehending,16
thusnot,16
elevation,16
softened,48
sentences,16
embers,40
perused,16
invader,16
precautions,16
beginning,136
an,3168
negligence,16
rawness,16
thinner,16
expanse,32
lately,48
pursues,16
legible,16
constructed,48
indian,16
aided,32
fever,152
examined,96
treated,16
breast,48
labourers,24
laudanum,16
slaked,16
gods,48
wrought,16
neverending,16
retire,48
mont,176
dreading,16
churchyard,16
spare,48
get,48
krempe,144
sympathiesas,16
second,88
trash,16
parched,64
commit,48
legal,32
unfortunate,240
attentive,32
bind,16
request,112
glory,112
clearness,16
respects,32
threw,208
repugnance,48
invisible,48
boundary,72
hills,168
mates,16
evervaried,16
men,648
rapture,64
perpetual,80
damp,48
steered,16
utensils,32
purport,32
can,1480
credit,96
arteries,16
cope,32
lassitude,16
alterations,16
medium,80
conceiving,16
hast,16
politic,16
stupendous,48
worked,120
congeal,16
website,64
remedies,16
overcame,112
replied,432
occupy,48
coming,48
specked,16
arabic,32
gaze,16
enquired,32
energetically,16
englishmen,16
frequent,48
disposition,96
summer,120
guilt,160
new,640
information,256
mournfully,32
grin,48
endured,360
enough,184
royalties,40
soothing,64
exciting,16
rested,96
hamlet,16
1c,32
older,48
duty,168
lukewarm,16
readier,16
fainting,16
deranged,16
military,16
yard,16
entreating,32
smiled,64
wwwgutenbergorglicense,16
owns,32
rash,32
dwell,80
tall,48
cenis,16
complained,16
montanvert,32
thunderstorm,16
updated,32
affirmative,32
hilarity,32
transfer,16
inquirer,16
5,48
mix,16
write,152
brawling,16
lords,16
recapitulation,16
graceful,16
destitute,16
rank,80
thickened,16
mountaintop,16
longcontinued,16
conceited,16
supported,72
remark,64
insultingly,16
unavoidable,16
apparition,80
moulding,16
requisition,32
talk,48
woes,32
uses,48
mothers,32
put,240
sound,344
despondency,80
teacher,16
cumberland,48
leak,16
1e7,48
apply,128
freed,64
arisen,16
donors,16
steps,304
garden,152
opposed,16
minister,16
beloved,416
solitude,232
hut,64
imprinted,32
microscope,16
pleasurable,32
neck,136
barbarous,48
another,688
unsolicited,16
delicacy,16
carpeted,16
1e8,64
despond,16
water,248
achieved,16
pg,16
unexplored,32
university,112
monday,16
infamy,16
sufferer,32
addresses,16
joy,640
insanity,48
bred,16
dream,288
arose,144
decipher,16
biron,16
foundation,280
failing,48
massacred,16
icecaves,16
felix,704
laid,16
vows,16
confide,64
remove,64
illuminating,16
harmony,48
connection,48
maintenance,32
agreed,96
unbridled,16
blamable,16
email,48
hopeless,48
greeks,16
bauble,16
sounded,16
reverses,16
protestations,16
wandering,64
profited,32
propose,16
blows,48
distinguish,96
style,16
ancient,160
presents,48
desertion,16
distributed,80
accustomed,160
lingered,32
charges,16
betook,16
temple,16
throwing,32
against,312
removes,16
confer,16
subscribe,16
criminal,128
strangled,32
clothed,16
complacency,16
tinged,32
contempt,80
subsisted,32
and,29800
derivative,48
owner,72
through,752
suspicion,64
locks,16
allured,24
perfectly,128
raindropping,16
fearing,48
pass,248
gratification,48
prospect,200
neer,16
tintern,16
infringement,16
setting,80
colleague,16
folds,32
enthusiasm,176
bedewed,16
ingenuity,16
brightest,16
heartfelt,48
made,1048
nameless,16
mountain,232
irksome,96
incessantly,32
wordsrather,16
b,16
housemy,16
leathern,16
proceeded,288
venting,16
greece,32
press,16
ways,32
indignant,32
wears,16
regular,16
encountering,32
ramble,32
three,176
considerate,16
brook,24
pity,176
rubbing,16
infusing,16
observations,16
sum,80
downstairs,16
barn,32
raging,16
milk,80
preparation,32
instruction,40
deny,48
patriarchal,16
perpetrated,16
harnessed,16
trains,16
orientalists,16
whispers,16
relieve,144
shore,232
dawned,64
bloody,16
metals,16
pay,64
pictured,16
heal,16
paternal,16
productions,32
hangs,16
twelve,16
matters,16
given,288
performing,48
worst,48
pictures,16
mercenary,16
heeded,16
overhangs,32
affectation,16
inscription,16
northwards,32
frosty,16
countenanceay,16
induce,64
salvation,16
clouded,64
serene,112
mines,16
youngest,16
revealed,16
tongues,16
excited,192
regard,120
chilly,16
denote,16
wanderings,48
actual,48
trembling,96
delight,472
suspicious,16
deal,16
selfinterest,16
warmly,16
pure,48
argue,16
merit,16
disclose,48
think,456
morning,592
fluctuate,16
keeping,40
empires,40
supposing,32
chemist,16
recur,16
redistribute,16
communicate,32
daybreak,16
insisted,32
loudly,16
patiently,16
girl,424
compassed,16
lineaments,32
sensations,480
filled,384
lipswith,16
advantages,32
1e4,16
shoulder,32
unknown,112
completes,16
bound,272
inaction,32
licensed,16
truce,16
wonders,80
gift,48
happening,16
available,32
oppresses,16
rapidly,176
chimney,32
ascribed,32
summits,80
might,1528
tour,64
unfinished,32
veil,40
understood,208
absence,128
condemned,176
however,504
started,96
dimmed,32
gesture,32
inexhaustible,32
decreased,32
each,424
kneeling,16
dispatched,16
curdles,16
persons,56
yesterday,64
dabble,16
verdure,32
avowed,16
circumstance,160
monument,16
perambulations,16
earthquake,32
lovely,408
wouldst,16
its,1808
frontiers,16
atone,16
attentively,48
plainly,64
founders,16
solon,16
fettered,16
wellbeing,16
thine,48
crossed,48
oaten,16
extremest,32
unfavourable,32
torture,184
invalidity,16
necessarily,32
eastern,48
desolation,96
dazzled,16
1e5,16
pointed,48
climate,32
prevent,88
c,16
leaf,16
absorbing,16
towering,16
ranged,16
gold,16
disquiet,16
recollect,64
folks,16
schools,32
before,2216
obliged,184
tales,32
acquainted,304
bestow,224
locations,16
insulted,16
riding,16
sensitive,48
highlands,32
sleep,296
opprobrium,16
tokens,16
hoarser,16
rocky,32
praised,16
condemnation,16
curiosities,16
drenched,16
rhine,88
coveted,16
imaginary,32
pink,16
adrift,16
plan,192
leghorn,88
roncesvalles,16
hampden,16
dæmons,32
whiteness,16
convicted,16
landing,32
daily,128
surely,192
cruellest,16
thoughtful,16
affectionate,112
rosesin,16
liberty,96
thirst,216
acquiesced,16
dagger,16
prosperous,16
at,4528
awe,32
rejoined,16
groaned,32
scraggy,16
track,48
dearly,48
loitered,32
secured,32
clapped,32
indolence,16
business,48
consummation,64
debar,16
paddling,16
mummy,32
extinguish,112
encouraged,32
committed,208
vacant,16
board,96
walks,64
wet,80
gaunt,16
trouble,48
menot,16
blessings,32
prolonged,32
tainted,16
set,312
twinkling,16
asked,256
continuing,32
conflagration,16
extinguished,112
organized,16
entertain,16
learning,48
affright,32
joyous,48
unjustly,32
experiments,16
romansof,16
unworthy,32
unravel,16
between,312
advise,16
drawing,80
recurrence,16
pitied,16
mighty,192
peeping,16
title,32
vehicle,16
vent,32
discovery,280
dews,32
gratified,32
imprudence,16
bestowed,208
literature,16
someone,80
genevese,16
times,176
disclosed,32
thirsted,32
quarters,32
assist,96
90,32
suppliant,16
farewell,152
cruel,48
blossom,16
cataract,16
gutenbergs,16
volunteers,72
utter,176
position,16
prescribed,16
outdated,16
pauses,16
passive,16
flash,40
arrive,192
obscurely,16
flannel,16
charities,16
appeased,16
remarked,32
compressed,16
artery,16
kings,16
incidental,16
is,4240
consent,176
paragraphs,40
had,8096
interchanging,16
arrived,456
merchantability,16
restore,144
whither,80
immersed,16
comrades,32
fill,80
fairer,32
speedily,112
liberated,16
occupation,112
inasmuch,16
composed,80
anatomise,16
sinking,32
chimerical,16
endeared,16
torment,64
release,48
ought,208
spoiled,16
tribute,32
contained,64
condescension,16
experiment,16
partiality,32
defeat,16
ages,64
hung,88
starvation,32
rules,16
unpractised,16
issued,16
alleviate,16
manuscript,16
procure,160
adventure,16
sickness,80
strangest,16
discovered,520
chair,72
sword,16
pleasant,184
hunger,192
verdant,32
preference,16
shifting,16
interchange,32
fuel,32
first,1624
shade,64
spoiler,16
utmost,96
making,72
sphere,16
penetrated,48
spring,184
picking,16
benefactors,32
torch,16
venom,16
forms,160
villagers,48
precarious,32
blasted,128
apothecary,16
ocean,208
deserted,64
following,192
lend,16
slothful,16
complexity,16
doted,32
choose,32
shelley,32
oh,448
impending,32
stare,16
severe,80
freely,80
prudence,16
immortality,16
dissecting,16
unchained,16
fringed,32
evergentle,16
graves,32
always,368
granted,16
imperfect,32
generosity,32
caught,32
bids,16
described,112
june,16
ineffectual,64
commencement,80
agent,16
able,136
conscience,96
bringing,16
driven,72
cherished,48
maker,32
october,32
renewing,16
confusedly,16
structure,64
extended,32
extremes,16
unquenched,16
secheron,16
blunt,32
convict,16
than,1704
stature,112
ideas,224
glowed,16
degree,384
human,872
steal,16
pedestrian,16
beach,80
canst,16
assisting,16
native,448
substance,48
flew,16
deatha,16
devoting,16
study,288
concentrated,16
polluted,16
bloomed,32
mainland,32
moment,568
earlier,48
musical,16
quit,264
stupid,16
spared,80
weakness,48
eyes,1592
communicating,32
concussion,16
murder,328
understand,272
eagle,32
pride,96
mountainstream,16
oath,16
true,312
seven,32
chastise,16
tardily,16
betray,32
cooped,16
vineyards,16
unintelligible,16
dissoluble,16
equal,80
foreign,32
events,280
remarkably,48
supposition,32
edge,48
extinction,64
viands,16
lower,88
unworthiness,16
description,32
overlooked,16
praise,32
awakened,40
childs,16
promises,32
canopy,16
poison,48
toilsome,16
influence,64
treachery,32
sensationsthey,16
rushing,32
flight,64
seashore,16
doubtful,16
tenth,16
donation,16
obtain,160
unseen,16
rustling,16
remoter,16
mischief,80
selfeducated,16
amongst,16
immaculate,16
deletions,16
machinations,48
facile,16
divert,16
sought,288
treasures,48
finish,64
designed,16
persian,32
music,88
narration,80
hear,320
enter,328
soar,16
glens,16
recalled,48
retreat,128
guilty,176
comfortable,16
accepting,16
selfsatisfaction,16
grasp,144
sublime,112
diligence,48
calmness,32
aid,160
prayed,32
gnashing,16
germany,48
manly,16
restlessness,16
advance,32
invoked,16
wean,16
indistinct,16
flung,32
nightly,16
wipe,16
providing,64
relieved,32
accusation,16
timid,16
november,16
paracelsus,64
indulged,48
construed,16
airy,32
conditions,16
transitory,64
conveyed,80
succeeded,128
produces,16
gales,32
inmates,16
resemblance,32
temptation,48
immense,112
lasted,32
resting,16
pathetic,16
visited,272
gnashed,48
imaginative,16
muchloved,16
belong,16
vulture,16
desiring,32
pitiless,16
decide,64
pieces,48
wordsi,16
avow,16
practice,32
donate,48
multiplicity,16
skies,32
inhabit,120
elemental,16
dilatory,16
german,16
interest,208
entirely,304
13,32
weak,80
lot,88
undeceive,16
numerous,48
partially,16
approaching,48
duties,176
insensible,32
infallibly,16
commences,16
pangs,32
defect,48
unfit,32
awaking,16
ebook,160
merely,96
crossing,16
angels,16
chamois,32
fierce,32
unexampled,16
quivered,16
spurred,16
paradise,80
production,32
lustrous,32
suffered,320
tie,16
dreamt,16
sunny,16
apartments,16
lying,40
dozing,16
become,504
bettertheir,16
heroes,64
hurricane,16
features,112
meantime,144
derived,16
bernards,16
type,32
unveiled,16
vision,48
startled,32
akin,32
beware,24
transparent,16
variegated,16
final,32
reuse,32
point,224
indulge,32
gratefully,16
fortunately,48
regulate,32
officially,16
patient,32
hides,16
indefatigable,48
selfcommand,16
infidels,16
woman,312
wwwgutenbergorg,80
horrorstruck,16
metaphysical,16
kindness,424
eagerness,72
volume,64
warmed,80
dissect,16
attentions,64
hungry,32
grieved,32
cheerfulness,64
united,280
uri,16
gave,512
exporting,16
enticing,16
flow,48
faltering,16
highest,64
line,32
seizing,16
excellent,240
relics,16
flowed,64
sagacity,32
rambles,80
purchasing,16
quieted,16
tasted,32
disease,32
vacillating,16
till,32
vagabond,16
illsuited,16
quantity,104
irradiation,16
catholic,16
uninterrupted,16
retarded,16
oak,24
eagerly,144
conducive,16
deeper,80
force,96
clerval,832
bruised,16
dejected,16
nation,16
close,240
herd,16
familiarly,16
expenses,32
whirlwinds,32
deferred,16
convey,112
inestimable,16
coast,16
undermate,16
preparatory,16
cemetery,16
lock,16
sources,32
remainder,80
thing,176
elude,16
al,16
ascertain,16
tertiary,16
weakened,32
disencumbered,16
altogether,16
tingling,32
length,432
meanwhile,48
bolts,16
aboard,16
ognor,16
attacked,32
romantic,56
institutions,16
roads,32
duration,16
moonshine,16
uneasy,48
unwholesome,32
himthat,16
oxford,80
steel,16
broken,176
asia,32
fellowpupil,16
means,400
19th,16
nourished,16
attract,16
sanskrit,16
merchant,96
kiss,16
wreckthe,16
world,744
diffused,48
pélissier,16
breathless,48
yards,16
copêt,16
prometheus,80
roasted,16
tomb,48
paragraph,160
town,400
13th,16
nursed,64
shells,16
imprisonment,16
helpless,64
hypertext,16
roof,16
peopled,16
expression,240
coffin,80
unbelief,16
wont,16
win,32
eaten,32
haunt,16
leaves,160
lessened,32
lifelessness,16
nobleman,16
terrified,32
obeying,16
vast,168
lifted,16
ungazed,16
negotiation,16
harm,16
whispered,64
diabolical,16
treating,16
daughters,16
doors,16
courtyard,16
invulnerable,32
bloodless,16
community,16
hinges,16
room,480
complexions,16
appear,368
flat,16
out,616
inside,16
envy,32
infused,16
intrude,16
averse,32
soulsubduing,16
equitable,16
recollection,160
comes,16
dancing,16
fraud,16
save,104
intensity,32
devices,16
frail,16
onethe,16
obliterate,16
reproduce,16
conjured,32
benefits,16
feel,728
off,192
stand,32
apparel,32
discontinue,16
professional,16
swore,16
ascii,24
twice,32
emotion,48
purloined,16
lay,440
serves,16
sickening,48
boarder,16
impatiently,16
continued,520
control,32
frightful,208
integrity,48
imposing,16
monsters,32
madly,16
imbibed,32
tragedy,16
frankensteinmore,16
canvassed,16
never,976
aimed,16
cave,16
mangled,16
literary,192
hedges,16
details,48
fit,112
gloomily,16
send,48
assumed,80
intimacy,16
rashly,48
apparently,160
anticipation,16
reassure,32
reference,32
suspicions,16
incredulity,16
exclaim,16
wandring,16
distaste,16
offals,16
existing,32
farmer,16
sakes,16
grew,96
passports,16
closely,24
acquittal,16
model,16
jaws,16
supplication,16
suggestion,32
mechanism,48
ordered,32
evinced,16
modification,16
infant,88
some,2152
protecting,16
vice,128
library,48
ran,112
guiding,32
tone,48
louis,16
noon,64
developed,32
dismount,16
latediscovered,16
chains,48
trademarkcopyright,16
dread,112
overthrow,32
breaking,48
undertake,64
him,2784
unfitness,16
electronic,368
adam,32
monotonous,32
everyone,32
1a,16
bore,112
cabin,128
plentiful,64
tear,128
anyone,144
insuperable,16
ligaments,16
open,224
heartless,32
those,1400
exultation,48
gallery,16
assuredly,64
assure,80
mad,112
discontent,16
deduced,16
used,96
misfortune,256
1e6,16
unhallowed,64
dared,304
wreck,64
resolved,496
horizon,96
supple,32
reap,16
ensure,32
homeless,16
unfailing,16
path,312
from,5464
pardon,64
herds,16
juras,16
several,784
things,160
deck,120
avoid,96
pistol,48
mimic,16
brow,16
obstinate,16
pressed,160
boils,16
yielded,48
spurn,32
bade,64
governments,48
private,16
unsullied,16
guise,32
widespread,16
emulation,16
drawn,64
exhausted,96
shortly,16
accent,64
extent,80
worship,16
assemblage,32
deserve,48
avert,32
chaise,16
in,13664
nets,16
majestic,96
insufficient,16
pleasures,64
illness,128
bride,16
gurgling,16
scanty,16
signification,32
accessed,16
warmth,176
own,1576
schemes,16
repulsive,48
florins,16
undergone,16
giver,16
simpler,32
break,64
pursued,200
unremitted,16
narrative,64
kind,528
acting,16
endeavoured,440
thinking,32
elasticity,16
alluring,16
endure,288
constantly,32
useless,144
menno,16
struggled,80
call,208
heartsickening,16
eventual,16
include,32
grudge,16
renew,80
donations,200
commence,200
weighs,16
horrible,240
chain,32
lineone,16
dismissed,16
superscription,16
m,312
up,1120
maw,16
republic,16
especially,64
overthese,16
neighbourhood,96
charles,16
shiver,16
pasture,16
tyranny,16
deputation,16
soon,1104
david,16
calculate,16
transversely,16
road,80
imposed,32
considerations,16
braces,16
northern,96
cling,48
boundless,48
condemn,32
fatigues,16
witness,48
royalty,32
everchanging,16
coasting,16
files,16
yon,16
hesitate,16
peaked,16
panegyric,16
enchanting,48
grated,16
longlost,16
remarkable,32
represented,16
dante,16
suspect,32
desponding,48
form,464
adorned,16
immeasurable,16
variable,16
guiltlessness,16
pities,16
audibly,16
constant,96
makes,32
exchange,16
expect,112
molehills,16
stump,16
poisoned,32
excites,16
texts,16
saluted,32
talents,16
undergo,16
raved,16
conclusion,80
has,968
regulated,32
pile,80
laughing,32
unemployed,16
lamented,16
cultivating,16
century,32
profoundly,16
now,2312
anchor,16
protection,64
aught,32
anon,16
calculations,16
running,48
sicken,16
superstition,16
novelties,32
hill,32
refrained,16
tenfold,16
anger,72
curiously,16
soften,16
surviving,16
swamp,16
thomas,32
proud,32
seized,256
portmanteau,16
intently,32
dreary,48
degeneratingof,16
earn,16
contributed,32
ecstasy,96
despairing,48
frankness,16
deprecate,16
sight,392
readable,16
oppressed,112
irradiated,16
huts,32
array,16
affectionately,16
grief,432
winged,16
spark,48
heartrending,16
flowers,80
dilatoriness,16
epoch,32
transcendent,16
replaced,32
me,10048
flagrant,16
effectual,16
halfway,16
africa,16
deadthat,16
receive,136
flourished,16
arm,96
fees,64
sad,160
murderous,32
remnants,16
laboratory,112
kinder,16
writes,16
stick,16
relapse,32
anew,48
clervaland,16
reverie,32
round,176
unfolding,32
admit,16
volunteer,16
23,32
debilitated,16
occurred,80
yours,64
wrapped,64
frame,224
transcribe,16
agrippa,112
european,32
situation,160
slight,144
sat,384
strangely,64
dusky,16
defend,32
16,32
busy,112
fiendish,96
arriving,16
mediation,16
dare,200
terrific,112
bier,16
islands,80
consented,80
enfranchised,16
dashing,64
soundly,16
uncommon,48
forebodings,32
alive,144
forcibly,48
milanese,16
hero,16
drink,64
torn,80
resource,64
pained,16
fitness,32
gutenberg,1024
blame,16
arrangements,16
vines,64
recommence,48
untaught,16
filial,16
winning,16
formed,328
carefully,48
defects,32
virtues,120
gasped,16
eighteenth,16
actions,64
calculated,32
alps,80
sockets,32
nonproprietary,16
brake,16
feet,208
venture,16
apart,32
cheerful,176
thoughtfulness,16
fondly,32
imagined,144
nations,16
tyrants,16
permits,16
novelty,16
iron,16
hurry,32
unparalleled,80
relaxed,32
recently,16
stone,32
cabinets,16
joys,80
inquisitive,32
cloak,48
explanations,16
martyrs,16
career,48
30,16
improvement,80
luxury,64
jumped,16
motioned,16
exerted,32
carriage,48
begins,16
stirred,40
notes,64
letters,256
cheat,32
annihilation,48
writhing,16
terrors,16
refinement,16
engrossed,16
likely,16
arguments,112
assembled,16
swells,16
bending,16
dawn,64
cut,80
lapse,16
phrase,72
fairyland,16
persisted,16
meet,208
pollutes,16
seventeen,16
amphitheatre,16
thirteen,16
containing,32
indirectly,16
devolved,16
excellence,32
allow,224
consolationdeep,16
elementary,16
stimulus,16
improvements,48
display,16
material,16
minutiae,16
entered,600
north,208
beheld,488
method,64
rich,48
papa,48
sickbed,32
full,472
encourage,32
unkindness,16
literally,16
print,48
deposition,48
genial,32
yet,2176
collected,160
appeal,16
gun,32
hated,96
crime,248
vicinity,16
muhammadan,16
successive,16
strove,48
concerned,16
beasts,16
snatches,16
judge,128
fair,192
still,992
sepulchre,16
protracted,16
solicitation,16
chord,24
very,1152
unadept,16
reality,160
captive,16
accompanied,144
longed,168
kindled,16
endued,80
evidently,48
prove,112
aged,48
thoughts,592
intentions,80
whitewashed,16
sunday,16
torrents,32
as,6896
noblest,16
paper,48
ravings,64
progressively,16
infinitely,16
finished,112
beauty,424
inarticulate,32
chase,32
succession,16
sincere,32
financial,16
feebly,16
pocket,64
appertaining,32
circumstantial,32
unsympathised,16
superior,160
plead,16
drowned,16
unsettled,16
deathknell,16
deserts,80
brute,16
virtue,176
shapes,48
carrying,16
mingled,64
enjoyments,32
youthful,48
unsatisfied,32
intervened,16
series,80
principles,16
uncommonly,16
record,96
sallies,16
inconstant,32
comprehensive,16
irrevocably,32
banished,80
consecrated,16
cross,48
indifferent,16
piercing,32
youngster,16
guiltless,80
belonging,64
southwesterly,16
plans,96
goring,16
bury,16
hardships,80
popular,16
comply,224
bosoms,16
illuminated,32
assigned,16
lessons,96
guess,48
imaged,16
speculations,16
decaying,16
everwatchful,16
wafted,64
intermixed,16
refreshed,64
assured,176
research,64
usefulness,32
heartbroken,16
considered,176
advantage,64
regions,88
usually,32
tangible,16
practically,32
kitchen,16
fixed,384
nocturnal,16
confusion,48
government,64
lake,400
remembrancers,16
decision,32
discourse,48
thought,1144
exhibit,48
gaiety,48
distributor,16
erroneously,16
writers,32
wavering,16
majesty,32
western,16
listeners,16
inquietude,16
witnesses,144
vices,32
violates,16
noise,16
torrent,32
specified,32
accomplish,32
slipped,16
giant,16
paused,224
passes,32
hardy,32
magistrate,208
reputation,16
are,2720
accepted,32
fishermen,48
pitiable,16
exclaimed,304
thickly,16
ripen,16
impotent,32
feelings,1176
bitterness,120
lingering,16
horrid,80
icy,48
guardian,32
narrowed,16
attendants,32
familiarised,16
italians,16
genevan,16
blanc,120
galvanism,16
happiness,752
identification,16
confinement,16
confessing,16
prevents,32
decreed,16
hitherto,192
9th,16
preyed,64
disgusted,16
beat,80
respect,80
fulfilling,16
hidingplaces,48
heart,1176
toiled,16
wrinkled,48
eager,64
persecutor,48
patience,48
lecturing,16
thrown,144
inextinguishable,16
strasburgh,56
drance,16
revengea,16
mute,16
miserable,992
faculty,16
affecting,32
specimen,16
adversary,80
foolish,16
enticed,16
staff,16
whom,1224
invigorated,16
midnight,80
crevice,32
rendering,16
artist,16
grow,16
home,368
labourbut,16
assume,16
hellish,112
intercourse,96
abandoned,48
perturbed,16
panes,32
written,104
taken,496
reserved,80
claimed,16
attainment,16
host,16
arab,16
aroused,16
asleep,32
joint,16
faultiness,16
dark,408
harsh,112
alarm,64
converse,64
absorbed,32
closer,48
emaciated,48
weapons,16
reproach,32
theremy,16
cottage,696
declamatory,16
house,552
families,32
variety,64
march,64
ridicule,16
amid,16
unjust,32
precipitate,32
subject,264
amazing,16
duvillard,16
ernest,192
result,80
corrections,16
certainly,184
exclamation,48
probable,64
displayed,64
beaufort,80
third,32
atrocious,16
precepts,16
soulinspiriting,16
expressive,112
ennui,16
lives,136
derby,16
trifled,16
attained,16
orbs,16
complain,16
appetite,64
proceed,128
irish,32
impressions,16
tend,16
hateful,80
50,16
youth,320
evaded,16
godwin,16
breathed,64
storm,136
american,16
sheet,16
consist,16
portend,16
wakefield,16
except,232
craving,16
causing,16
matter,64
dwelling,144
ambition,128
balminess,16
longing,16
end,368
manners,288
suddenly,408
fainter,16
nook,32
topic,16
ship,120
autumn,80
cleaning,16
vigour,32
stranger,304
austrian,16
besides,208
reconcile,16
avenge,16
restrain,32
party,64
medicine,16
spread,48
lies,64
exquisitely,16
confirms,16
invitation,16
invade,16
snatched,64
younger,144
organs,16
stream,96
derives,16
district,16
mans,80
solemnising,16
unheardof,16
unalterable,16
flood,16
crevices,16
national,16
sigh,16
committing,16
packed,32
lightened,16
investigating,16
isle,32
part,688
respectable,16
mate,48
behaviour,32
bodies,48
special,16
shaded,32
spots,16
standard,16
jura,80
affords,16
idea,504
streamed,32
glaciers,48
debts,16
stigma,16
hoped,144
drug,16
haughty,16
rankle,16
explained,80
distemperelizabeth,16
tenement,16
hers,48
copying,64
manacled,16
augmenting,16
provoke,16
peak,16
wellknown,64
favourite,200
posted,56
armada,16
senseless,64
betrayed,32
dry,120
tortures,80
syndiche,16
sure,32
surface,32
contrast,80
fosterage,16
indispensable,16
noted,16
enemies,112
communication,48
disquisition,16
indebted,16
barks,16
reward,72
terrible,160
neverdying,16
irs,16
influenced,32
texture,16
bounds,96
culled,16
finger,32
unite,16
misdeed,16
nearhe,16
interpreted,32
painted,64
field,96
quickly,384
replete,48
rambled,16
aspires,16
eloquence,80
instigated,48
wildest,48
selfaccusationspoor,16
cultivation,64
retreated,32
arbiters,16
idol,16
pretence,48
mariner,48
attempts,48
forsaken,16
pedantry,16
murmured,16
marriage,232
straight,16
despondence,32
communicated,96
humanity,96
overweigh,16
dog,16
resembling,32
exceeded,32
miniature,32
rapidity,32
nearly,488
discompose,16
succour,32
indelibly,16
grandeur,32
effects,112
caution,16
degraded,48
traversing,16
pardoning,16
dull,32
fatiguing,16
foster,16
utterance,48
calmly,16
confine,32
reuss,16
serving,16
hypocritical,16
welcome,104
furiously,16
settled,32
aching,16
avail,48
loud,96
overwhelm,32
calm,312
heroical,16
link,32
childless,16
compass,16
rose,256
walton,128
manager,16
decided,64
deemed,64
must,1096
eternally,16
head,392
show,48
towns,56
imprecate,16
stolen,16
questions,96
follows,16
judgment,64
wood,352
month,144
elizabethand,16
additional,104
completion,80
more,2384
unaccountable,16
seamen,16
moved,224
owed,64
rends,16
manon,16
myselfor,16
disastrous,16
icerock,16
mantelpiece,16
gates,80
puzzled,16
victims,64
harrowing,32
speechless,16
letting,16
incapable,64
niece,48
fortune,144
tranquil,112
fell,280
despicable,16
conducted,96
residing,16
pilgrimage,64
inexperienced,16
hart,16
elevating,32
quenched,32
lulling,16
marking,16
years,696
auguries,16
supply,48
yellow,64
hours,536
introduction,48
horror,688
accounted,16
keel,16
grappling,16
enjoined,32
auditor,16
inhabited,128
plunged,48
empire,16
arising,16
ariosto,16
incident,80
forget,160
pursuit,216
slenderly,16
raises,16
similar,16
serenity,16
chink,32
contents,32
cowardice,64
heavensent,16
reconciled,16
colonization,16
waves,224
cliffs,16
stored,16
conveys,16
entertained,48
melancholy,296
sang,48
charmed,16
temporary,32
persecuted,16
proved,96
jacket,16
wearying,16
age,184
passionate,48
inexperience,32
wrenched,16
spirit,528
grapple,16
happened,144
impenetrable,48
assertion,32
acknowledged,16
garb,32
untimely,32
checked,48
instead,152
ice,576
daughter,216
unremitting,48
trust,96
petty,16
attendance,16
brave,40
copyright,208
careless,16
effected,16
esq,16
prophetic,32
imperial,16
damps,32
village,176
sanguinary,32
shattered,80
work,984
devilish,16
answer,328
foresaw,16
reflections,248
declare,48
inquirers,32
underwood,16
after,1160
becoming,64
security,16
winds,128
deathwarrant,16
keen,32
portrait,48
yield,80
faith,32
eyeballs,16
threats,64
intrusion,32
flowery,16
presented,208
cease,128
scenes,248
forward,224
shine,48
choicest,16
fatality,32
patches,16
watch,120
dreaded,80
occupied,368
stood,144
stairs,16
landscape,48
roman,16
outraged,16
adjuration,16
projects,48
decay,56
stiff,16
talent,64
tranquillise,16
recollected,48
ruffled,16
unfulfilled,32
away,808
wonderfully,16
wound,88
charged,48
amidst,128
summersshe,16
deer,32
fashion,32
purposed,16
memory,288
quietly,32
sky,224
sections,16
us,976
sick,48
bat,16
fellows,32
reverence,64
thenceforth,32
cheruba,16
accomplished,32
towards,1376
undisturbed,48
to,22576
descend,80
vintage,32
tenderest,32
muscles,48
feature,32
selfreproaches,16
prayers,16
short,272
sadness,64
justify,16
ten,128
murmuring,16
closest,32
entreaties,64
terminate,16
84,16
indemnify,16
sly,16
wordsworths,16
confirm,32
around,520
arrives,16
cheering,32
angel,128
ravenous,16
eloquent,16
lamp,16
ensuing,64
you,7160
places,64
leave,352
impediments,16
brothers,88
accompany,96
luxurious,16
adventurer,16
devouring,48
phraseology,16
palpitate,16
babe,16
consulted,32
mists,48
changeable,16
admirable,48
astonishment,96
enigmatic,16
murderess,16
disquieted,16
nevertheless,16
state,448
clue,48
dreams,192
counsel,16
constantinople,32
authors,80
fondness,32
including,160
composure,64
hesitated,64
secondary,32
thunder,128
minutely,32
article,16
resume,16
determine,16
excursion,16
inconceivable,32
wondrous,112
peaceable,16
obedient,16
relievedfor,16
chemistry,72
miserably,64
dispelling,16
tingle,16
despised,32
underwent,16
return,784
sins,32
perpendicular,32
crown,48
ventures,16
thither,16
busied,48
footsteps,32
20,48
unsoftened,16
remained,504
delicate,32
brooded,32
furnished,16
quality,32
inferior,16
transacted,16
chairs,16
remember,320
celestial,80
row,16
reflects,16
enraptured,32
ices,32
misery,824
beggar,32
keys,16
eccentricities,16
endowed,64
masses,16
24,32
interpreter,16
baths,16
bursting,16
seafaring,16
injury,64
strange,512
prepared,128
repassed,16
defence,48
revoke,16
wings,16
birds,80
cast,192
depart,136
act,152
cheese,48
declining,16
ass,24
speedy,16
hired,112
receptacle,16
reach,80
fairly,16
isis,16
chanced,16
commenced,112
scaring,16
characterise,16
days,824
plenty,16
strain,32
bottom,64
striving,16
heavier,16
inspired,48
residence,160
albertus,48
join,128
orders,16
entire,48
ruined,56
dress,96
marrying,48
occurredan,16
pulled,16
ghosts,16
plays,32
hay,16
direction,88
awful,48
peril,48
unbending,16
palaces,32
17,192
irresolution,16
livid,48
indelible,32
vestige,16
cousin,392
perhaps,336
founded,32
current,48
pledge,16
revisit,32
sorrowful,112
adopted,16
remaining,112
printed,32
slave,96
listening,80
collect,64
fits,48
rarely,16
acquit,16
pallid,16
floating,16
instrument,120
dispersed,48
descending,16
tastes,48
senses,128
erroneous,16
hysterics,16
scaling,16
transcription,16
kennel,16
lantern,16
elizabeth,1280
benevolence,112
manner,496
causes,80
unfolded,32
departed,232
excessively,16
intolerable,48
distant,160
immediate,144
pouring,16
misfortunes,272
shooting,16
promoting,32
treble,16
sufficiently,48
motive,32
concert,16
bill,16
survivors,32
inhabitants,168
ever,1208
catastrophe,48
respecting,16
mission,64
forgetting,16
2001,16
indicating,32
spectators,16
creek,16
wantonness,16
halfextinguished,16
english,144
distributing,144
sympathising,32
honour,168
wwwgutenbergorgdonate,32
december,32
inn,96
protect,80
facilitated,16
ephemeral,16
didst,16
crash,16
firmness,64
intimated,16
forces,32
owning,16
safe,80
thankfulness,16
malignant,32
hardened,16
fellowship,16
stove,16
seem,64
equipment,40
associates,16
voice,728
acquiring,16
benumbed,16
solely,32
across,272
overlooking,16
impression,48
subdued,48
any,1712
clasp,16
proclaim,32
remembrance,160
civilised,16
precipitated,16
shrink,32
links,48
results,32
hoarse,16
schoolfellows,16
whose,752
traversed,96
dignity,64
joyful,16
cottages,72
volcano,16
turbulence,16
fitter,16
unsuccessful,16
particularly,96
priest,32
loss,64
jeer,16
covered,304
reverberated,16
shamefully,16
perceiving,96
hare,16
sense,184
satisfying,16
capable,224
below,88
instance,16
killed,16
sustenance,32
offices,16
accorded,32
injustice,88
seat,80
earliest,48
ventured,48
incitement,16
season,144
begone,104
wishes,104
boss,16
hasten,128
afternoon,32
hardship,32
confident,16
delivered,64
overtaxed,16
best,184
sealed,16
bold,32
school,16
heard,952
paramount,16
glide,16
exemplified,16
case,144
glimmers,16
vanilla,24
treasure,32
editions,56
historical,16
accursed,40
church,16
preserved,32
meal,48
rapturously,16
hatred,224
ruin,144
embarks,16
stagecoach,16
enhanced,16
wish,368
fancying,16
monarchies,16
overcast,16
labours,256
reasoned,16
mea,16
prize,16
handed,16
frightened,48
forbidden,48
chained,48
promontory,56
dissipated,16
anothers,16
leavessights,16
stones,64
repair,16
firing,32
declined,96
bed,216
mere,48
tender,16
stronger,16
french,96
impatient,64
carnage,16
scarce,16
nor,528
honourable,32
son,272
selfdevoted,16
towers,16
ideal,16
barbarously,16
few,960
impossibilities,16
anticipations,16
beside,112
assuage,16
judges,96
deceived,64
fathers,336
dismally,16
time,1488
servant,112
admired,48
action,80
govern,16
problem,16
returned,464
schoolboys,16
knelt,80
learnt,16
processing,16
sweetest,16
condition,128
conversing,32
help,128
claim,144
inflamed,64
humane,16
association,16
watchful,48
admire,56
since,424
sod,16
loved,432
regret,112
weeping,64
gilded,16
august,96
turned,384
travelled,96
actor,16
going,128
violent,128
expanding,16
traced,16
environs,80
pathless,16
melt,16
wanderer,32
suspense,64
flying,32
health,288
dauntless,32
confirmed,128
woe,96
capitulated,16
reverential,16
forced,144
post,32
recollections,32
mild,112
shunned,48
passage,144
fetter,16
because,248
armed,16
impressive,16
separated,48
diverted,32
henceforth,16
remains,192
ye,72
swiftness,64
fifteen,32
consoles,32
banks,120
pail,32
whence,64
ladies,16
massacring,16
forsakes,16
argument,32
occurrences,80
shivering,16
refuge,120
worse,64
approached,288
fast,64
nearer,128
prepare,120
staircase,16
departure,288
elder,32
instances,32
whole,512
vicious,40
conquer,16
sank,296
confined,112
breeze,152
latitude,16
forbear,32
saville,64
pebble,16
chiefly,80
thonon,16
preserve,96
possesses,16
scotch,32
alike,48
skiff,32
consequence,16
seal,16
pleasurei,16
damages,48
hid,144
mountains,528
expiration,32
4,104
touching,32
histories,32
weaken,16
peeped,16
clervalcould,16
read,464
qualities,96
womans,32
cadence,16
14,32
gained,200
embraced,96
chastened,16
beholding,48
saw,1384
strained,16
without,576
delights,64
fought,16
met,144
allotted,16
exists,32
futility,16
applicable,40
reading,64
swim,16
enduring,16
named,16
familiarity,16
especial,32
sleeping,48
shaken,32
meaning,48
1f2,16
company,96
game,16
entering,96
plot,16
shed,128
indeed,888
queen,16
works,544
sentence,112
futurity,16
immediately,112
impotence,32
exceed,48
dec,16
intersected,16
putting,64
persuasion,32
wreaked,16
wrapping,16
dismay,32
attributed,64
provision,32
frozen,64
pervaded,16
painful,80
imaginations,48
chemical,88
gush,48
occur,72
route,32
sheltered,32
benefit,112
forcing,16
html,16
individual,56
wilt,16
positively,16
fitted,48
clothes,80
raven,16
wonderful,272
unacquainted,64
philosophical,16
amusement,96
we,2312
seemingly,64
illiterate,16
extensive,32
glared,16
experience,112
prudent,16
rapid,88
there,1192
staggered,16
persuading,32
absent,96
unmolested,16
theirs,64
allowing,16
hunted,16
hanninen,16
ungratitude,16
7,32
forgot,32
appearance,448
region,56
sir,112
faintness,16
voyage,224
symmetry,16
bless,96
inclination,16
minemine,16
646221541,16
irretrievable,16
faculties,16
usual,80
bloom,48
wants,48
examination,32
sitting,16
disdain,64
conflicting,16
contain,48
clung,64
recognised,32
intertwined,16
hands,584
pine,16
voluntarily,16
nerves,48
deliverer,80
victor,400
attached,112
gazed,176
combined,64
hundreds,16
unobserving,16
his,5984
existed,16
subsequent,32
deceit,32
satiate,16
experimentalist,16
windows,80
regularly,48
slumbers,16
restored,248
lapdog,16
fish,48
arrested,16
attest,16
justified,32
affair,16
accuse,32
solitary,160
go,280
dozen,32
palace,16
undoubtedly,16
weather,144
arts,32
habitable,16
flowing,16
aloud,96
riot,16
interesting,96
single,128
extinct,32
wickedness,96
place,936
taxes,16
indulging,32
suffering,80
applied,80
surrounding,32
holland,16
should,2192
infantile,16
prizemoney,24
reasons,16
elect,16
requited,16
6,32
availed,16
asseverations,16
beds,16
procrastinate,16
plutarchs,32
inquiries,72
invective,16
bread,64
entrench,16
ready,48
sex,16
gale,16
spire,16
plaything,32
gigantic,80
slowly,48
unchecked,32
angry,32
electricity,24
accordance,32
attendant,48
engaged,288
scion,16
deposed,32
hairs,48
behind,176
country,848
buds,16
watching,208
clouds,184
disinclined,16
cold,488
attain,16
examine,56
with,9008
seek,408
profound,64
tranquillised,16
fulfilment,48
andes,16
brilliant,16
successors,16
repetition,16
contrary,64
pour,16
agile,16
servants,80
befallen,48
impracticable,16
overjoyed,32
tomorrow,16
apt,16
elixir,32
lullaby,16
wouldbe,16
turmoil,16
obvious,32
atlantic,16
discontented,16
distressing,16
apparent,80
insurmountable,80
disappointments,16
independence,16
shown,64
hearing,96
irregular,32
motion,96
debility,32
dens,16
red,16
mexico,16
attachment,80
official,40
eyelashes,16
scope,64
centre,16
darkness,232
foes,16
differing,16
atmosphere,48
floated,32
foldings,16
surpassed,16
reaching,16
having,384
agonies,64
unless,128
cow,16
neither,128
hiding,16
bushes,16
disaster,64
rippling,16
arrest,16
prohibition,16
done,136
illfated,16
opposite,104
furies,16
probability,48
21,32
perform,112
courses,16
stony,32
preparations,32
move,144
wretchedness,224
petersburgh,48
overhung,48
feminine,32
truly,80
salêve,64
dissipates,16
educate,16
acquisition,16
lavenza,64
doubted,40
wretchedly,16
throbbings,16
earnestly,96
villa,32
pours,16
oriental,16
alloy,16
presencechamber,16
naples,16
christianity,16
relating,16
ut,16
desired,400
unusual,48
weary,16
blind,160
itself,336
voluntary,32
inspirited,48
809,16
studies,176
1f4,16
decreasing,16
prolonging,16
remorse,224
mannheim,16
bad,16
intervening,16
furious,32
sacred,16
laugh,64
haines,16
neighbours,16
1e,32
imagination,352
longer,344
heath,16
passages,16
lived,336
hearers,16
fertile,32
fields,144
welcomed,80
ample,32
tenderly,80
perpendicularly,16
delayed,72
replace,48
praises,16
exclamations,32
prospects,32
communion,32
cheered,32
causethe,16
fellowcreatures,16
brink,48
homer,16
dungeons,16
attend,96
sisterthe,16
performed,128
goodness,64
trickling,16
rejoice,16
hell,160
poignantly,16
overpowering,16
expedite,16
cleared,48
flashed,16
interrupt,32
whirlwind,16
condemns,16
refined,48
pang,32
acorns,32
whale,16
reveal,32
mistress,40
barrier,56
withdrawn,16
1e2,16
participated,16
imbued,64
handle,16
preceded,48
sensibility,48
early,240
malice,112
gratify,16
inaccurate,16
trait,32
periodic,16
charitable,16
professors,88
disliked,16
werters,16
proposed,16
cup,48
appointment,16
perversity,16
treading,16
rolled,24
renamed,16
regularity,16
revolutions,16
pronunciation,16
curse,136
chanceor,16
clinging,16
destruction,344
endeavouring,144
depending,16
retains,16
congregated,16
suspended,32
play,112
medical,16
into,1840
consciousness,48
traitor,16
howlings,16
consider,136
skims,16
sacrificed,32
dire,16
coleridges,16
deserved,16
wondrously,16
rare,16
11th,32
attack,16
devote,64
law,144
drops,72
provocation,16
overhanging,16
12,32
carry,48
why,528
courageous,16
bend,48
width,16
considering,16
burns,16
five,144
regulating,16
black,256
france,80
double,32
indulgence,48
fortifications,16
daniel,48
insect,32
ruins,48
coolness,16
curbed,16
aunt,128
bondage,16
check,80
sailing,16
oppressive,48
impossibility,16
adams,16
grovel,16
seizure,16
exordium,16
modesty,32
alarming,16
saintly,32
spent,400
working,32
resembled,32
object,328
dejection,32
fool,16
periods,16
uneducated,16
spirits,480
war,32
decidedly,16
deference,16
affairs,32
violence,144
former,208
ominous,16
refrain,48
undivided,16
indiscriminately,16
stillness,32
zeal,64
berries,88
ours,16
experienced,176
disasters,16
take,336
accomplishments,16
newsletter,16
appreciate,16
reflection,208
promotion,16
six,64
loudness,16
illlooking,16
skin,32
ourselves,40
abroad,48
seeming,32
severity,48
proportions,32
less,208
born,64
moon,312
event,192
anticipated,16
murderer,408
writeto,16
crept,104
hire,16
inner,16
ensued,16
replenished,16
fear,632
said,1600
navigatorsthere,16
my,18536
speak,240
planks,16
consternation,32
indifference,16
mirror,16
attractions,16
archenemy,16
speck,16
odious,64
account,328
paroxysm,16
gentleman,32
travellers,48
overshadowed,16
workman,16
start,48
hopes,360
antique,16
custom,56
attractive,32
left,552
infinite,48
shutting,32
sunshine,64
seclusion,16
insatiate,16
kindest,16
rest,520
adieu,32
exist,88
sorrows,112
wisdom,48
toward,48
glance,80
dunwhite,16
latter,208
amend,16
distinct,112
extremely,64
fearfully,32
checks,16
listened,184
workshop,16
reveries,48
viewing,16
sons,16
pronouncing,32
shot,16
scale,16
windings,48
provided,176
warranties,40
shrieks,16
pain,296
questioned,16
precipice,32
same,952
prejudices,32
impossible,128
jutting,16
1b,16
shadows,16
infancy,64
illuminate,32
mrs,64
sleeps,16
manifold,16
continue,128
surmount,32
admiration,224
irreparable,48
raft,48
wives,16
1e3,16
stages,16
punitive,16
proportionably,48
unfair,32
belrive,64
distorted,64
recital,16
creaking,16
pauls,16
extents,16
nuptial,16
motives,80
guidance,16
precision,32
chivalry,32
vile,16
exposed,64
visits,64
look,320
sway,16
frankhearted,16
dank,16
greenwichplaces,16
necessity,80
hover,16
creators,16
murdered,320
avowal,16
arranged,64
mist,80
imply,16
trample,32
gently,32
pronounce,16
bestowing,48
contrived,48
throats,16
faint,32
hideous,176
justines,16
threshold,16
minute,112
bridal,16
patriot,16
graveworms,16
stepped,32
rooted,16
offering,32
crowd,72
destroyed,368
moving,16
taunt,16
explanation,128
directions,16
1e9,48
hideousness,32
brand,16
scoffing,32
pertinacity,16
contentment,32
renowned,16
antelope,16
sell,16
soft,96
perpetually,48
wollstonecraft,32
hurries,16
concept,32
masters,64
accept,64
conflict,48
materially,16
pole,56
hide,104
sympathised,80
nights,96
heaven,336
fellow,440
easy,16
28th,16
kirwins,16
bitter,256
prisoner,16
intellect,64
chamounix,80
bleakness,16
sailed,48
arabian,208
distinguishing,16
fervour,48
sides,160
neglect,32
instinctively,16
pause,80
river,176
smooth,16
voices,64
while,1056
infuse,16
file,16
arms,144
furniture,32
brambles,16
assistance,64
whalefishing,16
perseverance,32
posture,16
glow,16
dead,344
service,64
greek,24
cultivated,48
whisper,32
advice,32
limited,72
sake,128
frankenstein,456
interpret,16
dazzling,16
sledges,16
favourites,16
remonstrate,32
misled,16
execration,16
cottager,16
drove,48
correspondence,32
survive,96
mortification,16
profits,32
holiday,16
perceived,400
fortitude,80
considerable,160
functions,32
green,80
indirect,16
paris,144
shrill,32
almighty,16
countenance,584
descends,32
deposited,16
incredible,32
generations,40
mourn,48
cooking,16
boyhood,32
excommunication,16
pierce,16
destroying,64
relationships,16
valleys,16
spreading,16
fulltoned,16
circulates,16
getting,16
vampire,16
credited,16
deductible,16
burning,152
agreeable,80
corner,48
terrifically,16
address,64
customs,32
teeth,128
reminded,16
suited,16
repent,32
forcible,16
visage,32
come,600
darted,80
continual,80
rage,392
stimulated,16
vacancy,32
prosecution,32
blackness,16
nonprofit,16
dangerously,16
tenthousandth,16
snowy,112
restorative,16
embrace,16
what,1952
improved,128
skeleton,16
silver,48
otherwise,128
myriads,16
softly,16
punish,32
englishman,32
consistent,16
table,32
rain,224
acquaintances,16
hazard,16
breath,32
noble,176
wear,16
glimpse,16
redistribution,24
perceive,112
person,320
alone,688
visit,320
unfitted,16
willow,16
particular,32
answered,112
worms,16
white,160
